bedrooms,bathrooms,sqft_living,sqft_lot,floors,price
3,1,1180,5650,1,221900
3,2.25,2570,7242,2,538000
2,1,770,10000,1,180000
4,3,1960,5000,1,604000
3,2,1680,8080,1,510000
4,4.5,5420,101930,1,1225000
3,2.25,1715,6819,2,257500
3,1.5,1060,9711,1,291850
3,1,1780,7470,1,229500
3,2.5,1890,6560,2,323000
3,2.5,3560,9796,1,662500
2,1,1160,6000,1,468000
3,1,1430,19901,1.5,310000
3,1.75,1370,9680,1,400000
5,2,1810,4850,1.5,530000
4,3,2950,5000,2,650000
3,2,1890,14040,2,395000
4,1,1600,4300,1.5,485000
2,1,1200,9850,1,189000
3,1,1250,9774,1,230000
4,1.75,1620,4980,1,385000
3,2.75,3050,44867,1,2000000
5,2.5,2270,6300,2,285000
2,1.5,1070,9643,1,252700
3,2.25,2450,6500,2,329000
3,2,1710,4697,1.5,233000
3,1.75,2450,2691,2,937000
3,1,1400,1581,1.5,667000
3,1.75,1520,6380,1,438000
4,2.5,2570,7173,2,719000
3,2.5,2320,3980,2,580500
2,1.5,1190,1265,3,280000
4,1.75,2330,5000,1.5,687500
3,1,1090,3000,1.5,535000
4,2.75,2060,6659,1,322500
3,2.5,2300,3060,1.5,696000
4,1,1660,34848,1,550000
4,2,2360,6000,2,640000
4,1,1220,8075,1,240000
4,2.5,2620,7553,2,605000
4,2.5,2570,5520,2,625000
4,2.25,4220,24186,1,775000
5,2.75,3595,5639,2,861990
3,1,1570,2280,2,685000
3,1,1280,9656,1,309000
3,2.5,3160,13603,2,488000
3,1,990,8528,1,210490
4,2.5,2290,13416,2,785000
3,1.75,1250,5963,1,450000
3,2.5,2753,65005,1,1350000
3,1,1190,9199,1,228000
5,2.5,3150,9134,1,345000
3,1.75,1410,4080,1,600000
2,1.75,1980,8550,1,585000
5,2.25,2730,6000,1.5,920000
4,2.5,2830,5000,2,885000
4,2.5,2250,4495,2,292500
3,2.5,2420,4750,2,301000
5,3.25,3250,14342,2,951000
4,3,1850,9976,2,430000
3,2.25,2150,21235,1,650000
3,1.75,1260,8400,1,289000
3,1.75,2519,8690,2,505000
3,1.75,1540,1044,3,549000
3,2.25,1660,6000,1,425000
3,2.75,2770,3809,1.5,317625
4,2.5,2720,11049,2,975000
4,2.5,2240,4648,2,287000
3,1,1000,12070,1,204000
5,2.25,3200,20158,1,1325000
5,3.25,4770,50094,1,1040000
3,2,1260,5612,1,325000
4,2,2750,7807,1.5,571000
4,2.5,2380,5000,2,360000
3,1.75,1790,50529,1,349000
4,4,3430,35102,2,832500
4,1.75,1760,7300,1,380000
3,1,1040,5060,1,480000
3,1,1410,5060,1,410000
4,2.5,3450,39683,2,720000
3,2.5,2350,5100,2,390000
4,2.5,1900,5889,2,360000
2,1,2020,6720,1,355000
3,1.5,1680,8712,1,356000
3,1,960,6634,1,315000
3,1.5,2140,3600,2,940000
5,2.25,2660,8400,1.5,305000
3,3.25,2770,6278,2,461000
2,2.25,1610,2040,2,215000
2,1.75,1030,1066,2,335000
4,2.5,1980,7403,2,243500
5,2.75,3520,6353,2,1099880
3,1,1200,10500,1,153000
3,1.5,1580,5000,1,430000
3,1.5,1580,5000,1,700000
4,2.5,3300,10250,1,905000
3,1.75,1960,15681,1,247500
4,1.5,1160,6400,1,199000
3,1.75,1810,41800,1,314000
3,2.5,2320,36847,2,437500
3,2.5,2070,13241,1.5,850830
3,2,1980,3478,1.5,555000
3,2.25,2190,107593,2,699950
3,2.5,2920,8113,2,1088000
3,1,1210,33919,1,290000
3,2.5,2340,10005,1,375000
3,1,1670,4005,1.5,460000
2,1.75,1240,2493,1,188500
4,2.5,3140,28037,2,680000
5,1.75,2030,12342,2,470000
4,2.5,2310,9624,2,597750
3,1.75,1260,3328,1,570000
3,1.75,1540,12600,1,272500
3,1.75,2080,5969,1,329950
4,2.5,3230,16171,2,480000
3,3.5,4380,6350,2,740500
3,3.5,1590,1102,3,518500
2,1,880,6780,1,205425
4,2,1570,9600,1,171800
4,1,1610,2982,1.5,535000
3,2.5,2400,6474,1,660000
3,2,1450,9132,1,391500
2,1,770,6000,1,395000
4,1.75,2100,4400,1.5,445000
3,2.25,2910,10204,2,770000
4,2.75,2750,17789,1.5,1450000
3,2.25,2100,8201,1,445000
4,2.25,2160,8811,1,260000
5,3.5,2320,4960,2,822500
4,2.5,2070,4310,2,430000
3,1.75,1060,7875,1,212000
4,2.25,2010,9603,1,660500
3,3.5,3950,111078,1.5,784000
3,2.5,2010,2287,2,453246
4,3.5,2140,2278,3,675000
3,1.75,1320,17390,1,199000
4,1.75,2020,7840,1,220000
4,2.25,2590,10002,1,452000
2,1,1190,4440,1,382500
3,2.25,1170,1249,3,519950
2,1,1110,3200,1,665000
5,2.5,2820,9375,1,527700
3,1,1610,8579,1,205000
3,1,1060,8097,1,420000
4,2.25,2030,8517,1,500000
4,2.5,3670,315374,2,921500
4,1,2550,4000,2,890000
2,2.5,2420,60984,2,430000
5,2,2260,12500,1,258000
3,1,1430,3455,1,511000
3,2,1360,3090,2,532170
3,1,1110,5000,1.5,560000
3,1,1250,8200,1,282950
4,3.25,5180,19850,2,2250000
1,1,700,5100,1,350000
3,1,1180,7669,1,215000
5,3.5,3960,25245,2,650000
4,2.75,2640,7500,1,320000
3,2,1270,7198,1.5,247000
4,1.75,1760,11180,1,320000
5,2.25,2060,8632,1,255000
3,1.75,1780,9660,1,438000
3,2.5,3400,16603,2,900000
3,2.75,1910,7280,1,441000
3,2,2020,38332,1,420000
3,1.75,1580,7000,1,370000
2,1.75,1340,7250,1,269950
4,2.5,2680,4499,2,807100
3,2.5,2680,9750,1,653000
3,2,1370,8336,1,371500
3,1.75,1560,21000,1,284000
3,1.75,2160,7140,1,272000
3,1.5,1340,7912,1.5,313000
4,2.5,3880,35003,2,917500
4,2.25,2590,8190,2,673000
3,2.5,1120,1100,2,425000
5,2.75,1970,5400,1,399950
3,1,1220,4800,1,385000
3,1.5,1950,7560,1,269950
2,1,1350,8220,1,330000
3,2.5,1670,5797,2,260000
4,3,2380,5125,1.5,470000
4,3,2440,9600,2,589000
2,1.5,1050,3419,2,163500
4,2.75,3130,13412,2,835000
5,3,4090,12850,1,1095000
4,1.75,1490,10000,1,269000
3,2.5,1900,8744,2,560000
4,1,1330,2400,1.5,615000
3,2.25,2230,10026,1,585188
3,1.75,1650,9480,1,305000
3,1,1190,8820,1,166950
3,2.5,2140,9897,1,799000
3,2.5,2180,7508,1,400000
3,1,1060,10228,1,230000
3,2.5,1690,5025,2,256883
4,2,1970,6480,1.5,423000
3,2.5,2150,4084,2,465000
3,2.5,1910,66211,2,440000
3,1.75,1350,155073,1,385000
3,1,860,11725,1,210000
3,2.5,1940,14952,2,297000
3,1,1010,5000,1,470000
3,1.5,1300,7370,1,226500
3,1,910,8450,1,274250
4,1.75,2480,11010,1,840000
3,2.5,2440,4587,2,677900
3,1,1010,5864,1,425000
2,0.75,900,9600,1,180250
6,3,2300,3404,2,464000
4,2.25,1550,7579,2,320000
3,2.25,1270,1566,2,625504
4,2.5,2240,12032,1,592500
3,2.5,2714,17936,2,465000
4,2.75,1720,6270,2,477000
2,1,850,16400,1,280000
5,3,3300,33474,1,1505000
3,2.5,2250,5692,2,445838
2,2.25,3900,14864,1,1072000
2,1.5,1320,10800,1,467000
4,2.5,2760,6440,2,686000
3,2,1750,9750,1,279950
4,2.25,2330,19436,2,527000
3,2.25,2220,16020,1,325000
3,2.25,2020,8379,2,328000
3,2.25,1250,7500,1,390000
2,2,1510,6516,1,479950
4,2.25,1720,9753,1,264950
3,1,1430,15246,1,235000
3,2.5,1480,4729,2,516500
2,1.75,1450,15798,2,655000
4,2.75,2280,15347,1,500000
6,2.75,2940,7350,1,315000
2,1,1000,10200,1,213000
3,1.5,2480,5280,1.5,475000
5,4,3760,28040,2,1025000
3,2,2220,94300,1,416000
4,1,1970,4740,1.5,410000
3,3.5,3830,221284,2,800000
6,2.5,4410,14034,1,472000
3,1.75,1430,8505,1,225000
2,1,830,6000,1,210000
2,1,1430,5000,1.5,455000
3,1,1300,8316,1,225000
2,1,1030,3060,1,480000
3,2.5,2740,11872,2,363000
4,2.5,3650,8354,1,2400000
2,1.5,720,5120,1,181000
4,2,2010,7312,1,250000
3,1.75,1560,3000,1,481000
3,2,1810,7209,1,260000
4,2.5,3360,7685,2,455000
3,2.25,1510,36224,2,415000
3,1,1400,3538,1,349500
3,2.5,1730,7442,2,245000
2,2,1420,9191,1.5,592500
4,1.75,2360,7620,1,385000
3,1.75,1580,11455,1,315000
3,1,1230,10170,1,255000
4,2.5,2460,4425,2,693000
3,1,1660,4400,1.5,780000
3,1.75,1270,8470,1,237000
3,2.25,2100,40510,2,525000
2,1,770,5040,1,425000
1,0.75,760,10079,1,369900
4,2.5,1700,7280,2,290000
3,1,1120,10701,1,285000
2,1,1070,4500,1,415000
3,2.5,2070,9900,1,272500
4,3.25,5050,20100,1.5,2900000
4,4.75,5310,57346,2,1365000
2,1,1040,7538,1,436000
3,1,1700,11390,1,210000
3,1,1300,5898,1,236000
3,1.75,1080,1306,1,331000
3,2.5,2653,4510,2,365000
3,2,2290,16258,1,450000
4,2.75,3820,26300,2,770000
4,2.5,2210,49375,1,455000
3,1.75,2390,6000,1,405000
4,1.75,2600,11325,1,304900
2,1,860,5265,1,170000
5,3,3830,8480,2,2050000
4,2.5,3500,7048,2,780000
3,3,2420,13959,1,330000
4,2.5,2720,8666,2,370000
5,2.25,2500,13500,1,467000
3,1.75,1670,6720,1,405000
5,2.25,2900,10300,1,675000
2,1,1640,14100,1,500000
4,2.5,1890,15770,2,389999
4,1.75,2950,9025,1,630000
4,2.5,2160,9528,2,360000
4,3,3280,11060,2,580000
3,2,1970,4166,2,550000
4,2.5,3360,22111,2,879000
3,2,1320,8959,1,265000
3,2.5,2650,7286,2,446500
3,1.5,2030,8880,1,404000
3,1.75,1590,11914,1,267500
4,5,4550,18641,1,3075000
3,2.5,2440,7632,2,335000
3,2.5,1940,9000,1,576000
3,2.5,2040,3810,2,208633
3,2.25,2200,8750,1,315000
3,1.75,1920,3300,1,725000
4,2.75,1800,7750,1,550000
4,2.25,2180,7297,2,610750
2,1,1010,5000,1.5,550700
4,2.75,3320,10574,2,665000
4,2.5,2370,4000,1.5,834000
5,1.75,1660,78408,1.5,201000
5,2.5,3650,9050,2,2384000
4,3.25,4290,12103,1,1384000
4,3.25,4290,12103,1,1400000
4,2.25,1950,7700,1,305000
3,2,2590,14052,1,487000
3,2.5,1930,64904,1,390000
2,1,1470,3864,1,548000
4,1,800,8775,1,268750
5,2.75,3150,7119,2,819900
3,2.25,2030,16200,2,520000
3,2,1450,11204,1,230000
3,1.75,1510,10248,1,240000
2,1,1240,12092,1,232000
2,1,1240,12092,1,240500
3,2.5,3030,45004,2,274975
4,2,2050,4400,1.5,740000
3,1,1000,7636,1,186375
3,2.25,2370,10289,1,790000
4,3.5,2800,6750,2,880000
6,1.75,2240,11180,2,279000
3,2,1810,10530,1,295000
2,1,1070,5000,1,640000
4,2,2490,9525,2,940000
4,2.5,1960,5238,2,260000
3,2.75,2930,5569,1,559900
4,2,1510,3500,1.5,791500
3,1.75,1420,8250,1,265000
3,1.75,1740,11547,1,245000
4,1.75,2560,43995,2,485000
4,3.5,3040,8414,2,684000
3,1.75,2500,6840,1,425000
4,1.75,1275,20000,1,309600
4,2.5,2580,5823,2,552250
4,1,1000,7134,1,165000
4,1,1000,7134,1,239900
2,1,1070,32633,1,320000
3,2,1390,13464,1,206600
4,1.75,2500,7690,1,387000
1,0.75,560,12120,1,299000
4,2.75,2270,10460,2,855000
3,1,1900,14400,1,315000
2,1,990,3120,1,437500
4,1.5,1550,19800,1,252000
4,1.75,2200,7475,1,375000
4,2.5,1910,4862,2,300000
4,1,1750,9600,1.5,420000
3,1,1330,77972,1,900000
3,2.5,2440,5750,2,679900
3,2.5,1640,29970,2,463000
5,2.5,2760,11340,2,380000
4,2.5,1820,7912,2,329500
3,2.5,2110,5608,1,604950
5,2.5,3040,9570,1,795000
3,2,1840,40438,2,465000
4,2.5,2990,10400,2,673000
4,2.5,3520,15420,2,810000
4,2.75,2440,69415,1,785000
4,3,2090,7500,1,338000
3,2.25,1430,7222,2,280000
4,2.25,2180,10754,1,315000
4,2.25,2180,10754,1,530000
5,3,3450,9914,2,380000
3,2.25,1450,7562,2,297000
4,2.5,3230,7331,2,730000
3,1.75,1640,13500,1,450000
3,3,1590,7750,1,275000
4,2,2020,2849,2,595000
3,1.5,1300,3348,1.5,435000
2,1.5,1380,209959,1,270000
3,3,4040,14338,2,950000
4,2.25,2130,5337,2,389000
4,2.25,2550,7800,1,560000
5,3.5,4800,14984,2,1350000
4,2.25,2510,11585,2,799000
3,2,1410,9600,1,365500
3,2,1650,7352,1,252350
4,2.5,2120,13780,2,403950
4,1.5,2040,10726,1,385000
4,1,1550,7620,1.5,345000
3,2.75,1980,3128,2,490000
3,2.5,1600,26977,2,330000
4,2.75,3300,12090,2,927000
4,2.5,3840,16619,2,1118000
2,1,1220,10000,1,330000
5,2.25,2720,8800,1,530000
4,2,1940,25600,1,365000
3,2.5,2160,3000,1.5,378750
4,1.75,1530,8750,1.5,269900
3,3.5,1710,2096,2,557000
4,1.75,3730,16980,1,360000
2,1,940,5000,1,352000
3,2.5,1750,22357,2,437000
4,2.5,1820,6753,2,322500
3,3.25,1510,2000,2,650000
3,2,1290,1213,3,450000
3,2,1570,5250,1,278500
4,2.5,1930,6957,2,364950
4,3.5,2840,40139,1,840000
3,2.5,1550,8134,2,268000
2,1,833,143947,1,517534
3,2.5,2990,32239,2,632925
3,2.5,2000,7251,2,577500
4,1.5,2390,7480,1.5,339000
3,1.75,2910,37461,1,570000
4,1.75,2085,174240,1,563500
4,2.25,2200,9351,1,423000
3,2.25,1860,5028,2,355000
5,4.25,6070,171626,2,1550000
2,1,950,3960,1,482000
3,1.75,1600,9135,1,625000
3,2.5,2250,11632,2,538000
3,2.5,2280,10255,2,380000
2,1,940,5120,1,375000
3,2.5,1530,8500,1,245000
5,1.75,2190,27260,1,310000
3,2,2350,15021,1,1300000
4,2,1440,7680,1,397000
3,2.5,2200,4052,2,365000
4,3,2290,8250,2,328500
4,3,4040,19700,2,988000
4,2.5,2610,3277,1.5,1000000
3,2.5,1490,2138,2,237000
4,2.5,2450,5280,2,525000
4,2.5,1710,9627,1,749000
5,2.5,4870,11800,2,722500
3,2.5,3130,8750,2,843000
2,2,1270,1372,3,438000
3,1.75,2120,10875,1,578000
3,1.5,1670,8230,1,227950
3,2.25,2070,11576,2,196000
2,1,1420,5332,1,641000
3,1.5,1250,219978,1,350000
3,1,940,7980,1,205000
3,1.75,1920,9102,1,400000
3,2.5,3545,9816,1,1030000
3,2,1260,5460,1,505000
5,2.5,2340,7200,1,475000
3,2.25,2590,9263,1,520000
3,4.5,3970,24920,2,1450000
3,1.75,1220,9732,1,333500
3,1,1400,10403,1,232000
3,2.75,2360,16117,1,691100
3,1.75,1870,9897,1,811000
3,2.5,2830,5802,2,551000
3,2.5,2260,3640,2,496500
3,3,1970,20978,2,705000
4,2.5,3140,9225,1,578000
3,1.75,1240,8659,1,255000
4,3.5,3450,7832,2,1050000
3,2.25,2570,8491,2,348000
3,2,1510,3413,2,230000
4,2.25,2390,11250,2,359500
3,1,980,7000,1,330000
1,0.75,430,5050,1,80000
3,1.75,1480,6360,1,465000
4,2.5,1850,7324,2,325000
3,2,2270,28025,1,340500
3,2.5,1810,5192,2,342500
2,2,1610,17600,2,290900
3,4.25,3840,6161,2,868700
4,2.75,4110,8400,2,1199000
4,3.25,4190,10259,2,1150000
4,2.75,3390,6298,2,859900
4,2.25,1890,3006,2,520000
3,2.5,1610,2527,2,460000
3,1.5,1050,4590,1,438924
2,1,630,6550,1,315000
4,2.75,2910,10650,1,590000
4,1.75,1700,8640,1,378500
3,2.5,1950,8130,2,328500
3,3,2990,9773,2,849950
3,1.5,1350,6000,1,525000
4,3.25,4860,181319,2.5,1385000
4,2.5,2160,7725,1,295000
6,3.5,4860,11793,2,1067000
2,2,890,5000,1,207950
4,2.75,2810,7302,2,699900
5,2.5,3400,9500,2,1280000
4,1.5,1580,7350,1,452000
3,2,1680,5036,1,370000
3,1.75,1300,11230,1,232000
5,2.5,2820,14062,2,669950
3,2,1510,6710,1,397500
2,2.5,1230,1391,2,490000
4,2,2110,4140,2,725000
3,2.75,3080,19635,1,299000
2,1.5,1490,5750,1.5,625000
3,2.5,2120,4500,2,437500
4,2.5,3180,5438,2,650000
2,1,1490,3825,1,475000
3,2,1930,11947,1,342000
4,2.5,2770,7800,2,1197354
3,1.5,1670,11610,1,280000
2,1.75,1330,7200,1,240000
3,1,1210,3328,1.5,529000
3,1,1190,5100,1,442000
2,1,1540,6872,1,615000
4,3.75,4030,10800,2,1485000
4,1.75,2430,7559,1,585000
4,2.5,2600,7787,2,480000
5,3.5,4410,57063,2,1095000
4,1,1330,8184,1.5,290000
3,1.75,1900,5000,1,615000
2,1,1100,7680,1,300000
3,1,1980,39150,1.5,308000
3,2.5,2400,7745,2,750000
4,2.25,4760,8036,2.5,2250000
4,3.25,3180,194278,2,890000
3,1,1190,7560,1,288000
2,1,630,6000,1,190000
5,3,2530,5105,1,515000
4,1.5,1690,11054,1,235000
2,1,940,5000,1,275000
2,2,1240,9119,1,727500
4,2.5,3040,6587,2,650000
6,5,6050,230652,2,1600000
4,1,1590,7085,1.5,365000
3,1.75,2500,36947,1,662000
3,2.5,1780,7848,1,270500
2,1.5,1360,1898,2,200000
4,3.25,4740,76230,2,970000
3,1.5,1010,9600,1,160000
3,1,1040,7405,1,204000
3,2.25,1610,6655,2,358000
4,1.75,1570,8268,1,452000
2,2,1510,4000,1,595000
3,2,1360,6082,1,249000
4,2.5,1970,5106,2,346900
3,2.5,5403,24069,2,2125000
4,2.5,1560,4350,2,280000
4,1.75,2320,12000,1,318888
3,2.25,2120,40518,1,530000
3,2.25,2120,18500,2,375000
4,2.5,3350,29242,2,910000
4,2.5,2380,9614,2,782000
2,2,1070,649,2,259950
4,2.75,2300,18360,1,315000
2,1,1320,8865,1,215000
3,1.75,2180,10221,1,705000
3,3,4380,6320,2,1450000
3,1.75,1790,9813,2,451000
2,1,750,8125,1,261000
3,1.5,1300,8280,1,396000
4,2.5,2990,29170,2,725000
7,3.5,4640,15235,2,1950000
4,1,1400,7242,1.5,238000
6,1.75,2750,9563,2,750000
4,2.5,2050,10271,2,331500
4,3,2230,108900,1,460000
4,2.25,2340,217014,1,404950
3,2.5,2870,5163,2,880000
4,2.5,4120,22370,2,863000
3,1.75,2080,9162,1,638700
3,2.5,1840,5680,2,435000
3,1,1180,5350,1.5,260000
5,2.75,2160,4000,1.5,671500
3,1,1180,3400,1.5,610000
2,0.75,1160,15029,1,405000
4,2.5,1830,5612,2,338900
4,4,3200,7708,2,720000
5,3,2560,5445,1.5,442000
5,2.75,2550,5040,1.5,650000
3,1.75,1330,9917,1,263500
2,1,1220,75794,1,300000
3,2.5,1805,3402,2,266000
4,4,6050,84942,2.5,930000
4,2.5,2320,5493,2,530000
3,1,1384,8960,1,180000
3,2.5,2720,6439,2,619000
3,1.5,1820,10608,1,264000
2,2.25,2130,4920,1.5,730000
4,2.25,2060,10070,2,439000
4,1.75,1420,7500,1,268500
3,1.75,1510,15744,1,330000
3,2.5,2160,4000,1.5,640000
3,2.5,3180,12600,2,900000
3,2.25,2110,13300,2,370000
3,2,2060,2900,1.5,685000
3,1.5,1830,217800,1,505000
3,1.75,1820,32666,1,265000
3,2.5,1610,2937,2,290000
4,2.5,1780,3600,2,296000
4,2.5,1840,9611,2,360000
3,1.75,1460,10584,1,240500
2,2.5,1400,2958,2,372500
3,2.5,3370,14402,2,595000
4,3,3590,8249,2,515000
4,2.25,3200,15367,2,1220000
2,1.75,1670,6460,1,507000
4,2,2420,31465,1,399950
3,1.75,1430,10816,2,185000
3,1.75,1440,7070,1,460000
3,2.25,1450,4789,2,435500
4,2.75,3550,13938,1,469000
2,3,1270,1175,2,531000
2,1,940,6804,1,443500
3,2,1670,6824,1,223000
4,3.5,3100,15842,2,590000
2,2.5,1100,1760,3,340000
3,2,1870,3388,1,650000
3,2.5,1930,5080,2,533600
3,2.75,2540,4694,2,695000
3,1.75,1280,7524,1.5,242000
3,2.25,1820,8814,1,425000
3,2.25,1490,9414,2,525000
3,2.5,1880,5502,2,485000
3,1,1250,9775,1,175000
3,2,1440,7210,1,210000
3,2.5,1920,7415,2,260000
3,2.5,2060,5750,1,577000
3,1.5,1210,10588,1,200000
2,1.75,1760,5000,1,605000
3,1,990,6750,1,325000
3,1,960,6400,1,289500
3,2.5,1660,1458,3,559950
3,1.75,1900,9375,1,1042500
3,2.25,1270,2790,1,543500
4,2.25,3250,34293,2,480000
3,1,960,9633,1,218000
2,1.75,1330,6000,1,565000
3,1.75,2080,7700,1,426700
3,2.5,2690,11575,1,650000
2,1,890,3060,1,542000
3,1.75,1070,8000,1,415000
3,1,1200,8316,1,214000
3,1.5,1360,8910,2,245000
3,2,2050,13303,1,314500
3,1.5,3000,5750,2,1120000
2,2,1300,3850,1,378000
4,2.5,2250,9091,1,305000
5,2.75,3740,6750,1,595000
3,2.5,1660,1091,3,729500
3,2.5,2360,6699,2,430000
3,1.75,1760,6500,1,240000
3,1.75,1680,6200,1.5,545000
3,1.75,1320,2500,1,530000
1,1,870,26326,1,157000
4,1,1260,7645,1.5,425000
3,1,1000,6020,1,220000
4,1.75,2020,36400,1,521000
3,1,1920,6862,1,325000
3,2,2150,5400,1.5,597500
3,2.5,1470,3976,2,337000
3,2.5,3180,10492,2,1000000
3,2.5,3930,55867,1,3070000
3,1,990,6000,1,495000
4,3.5,2770,3330,2,748000
3,1.5,1250,8710,1,888000
3,1.75,1140,22267,1,269900
4,2.5,2250,14440,1,496500
3,2.5,1640,5097,2,475000
3,1.5,1255,1374,3,312000
3,1,1290,12231,1,323000
3,1.75,1300,9079,1,331000
3,1.5,1220,1086,3,306000
4,2.5,2630,4000,3,655000
3,1.5,1950,15954,1,290000
4,3.25,3160,5000,2,1250000
3,1.75,1550,4708,1,460000
4,2.5,1700,6380,1,435000
4,2.75,2510,11880,1,664000
4,1.75,1800,4180,2,865000
3,1.75,1800,18000,1,385000
3,2.25,1870,9315,1,497000
2,1,1010,3000,1,280000
2,1.5,1120,17487,1,188000
3,1,2090,4755,1,478500
4,3.5,4370,18361,2,1145000
3,2,1440,7187,1,222000
4,3,2580,209523,2,799000
4,2.5,3190,7399,2,609900
4,3.5,2380,5809,2,413000
4,1,1420,4875,1.5,400000
5,2.75,2990,6768,2,802541
3,2.5,2680,7757,2,320000
4,2.5,2730,7649,2,507000
3,1,1220,8329,1,387500
3,1,1500,12616,1,396000
3,1.75,1830,11788,1,373000
5,2.5,4570,19252,2,1484900
4,2.25,2470,7698,2,359900
2,1,800,4342,1,410000
4,2.5,2900,23488,2,690000
3,2,1410,5760,1,245000
5,2.5,2830,25958,1,700000
4,1.75,1680,9966,1,268000
3,1.75,1760,26055,1,225000
4,2.25,2240,11034,2,980000
2,1,1380,5000,1.5,795000
2,1,820,5100,1,195000
4,2,2180,10575,1,480000
4,2,1400,3600,1,485000
2,1,880,9000,1,130000
2,1,1060,5703,1,325000
3,1.75,1530,7245,1,440000
4,1.75,2480,14782,1,550000
3,1.75,1490,7150,1,310000
3,2.5,3660,39478,2,530000
4,2.5,2340,8548,2,390000
3,1.75,1450,12125,1,243000
4,2.5,2210,9875,2,639000
4,1,1130,7400,1,215000
5,1.75,1550,10500,1,405000
4,1.75,1710,7140,1,250000
3,1.5,1010,8108,1,405500
6,2.25,2660,13579,2,452000
6,2.25,2660,13579,2,730000
3,2,1300,9644,1,267000
3,2.5,1670,6186,2,289950
2,1,960,4080,1,565000
4,3.25,4670,51836,2,1578000
3,2.5,2140,2770,2,636000
5,3,2520,5500,1,350000
3,1.5,1650,9380,1,320000
2,1.75,1440,5680,1,210000
2,1,1050,5900,1,245000
3,1.75,1470,7650,1,328000
4,2.25,4230,37769,2,985000
3,1.75,1970,7972,1,501000
3,2.25,1540,17424,2,315000
3,2.75,2090,8354,2,403000
3,2,2380,17950,2,550000
4,2.5,2156,3562,2,347500
4,2.25,2070,8893,2,365000
3,1,1910,8167,1,588000
3,1.75,1920,7400,1,605000
3,3.25,3400,5979,2,1300000
3,2,1400,9177,1,233000
4,2.5,2210,17715,2,360000
2,1.75,1170,4887,1,459000
3,2,2100,72745,1,740000
3,1,1160,9750,1,305000
3,1,1500,4000,1,395000
4,2.5,2940,6000,2,560000
4,1.75,2010,5070,1,650000
3,2.5,2170,4912,2,449950
3,1.5,1430,5200,1,517500
4,1.5,1510,6460,1,435000
3,1,1150,6908,1,329999
3,1.75,2150,4200,1,950000
3,1,1370,6001,1,447000
2,2.5,2380,6600,1,699800
3,1.75,1370,3850,1,850000
3,1.75,1600,14250,1,316500
5,3.5,3750,9612,1,942500
2,2.25,3950,3938,2,1310000
4,2.25,2400,13430,1,856600
5,1.5,2830,4000,2.5,405600
4,2.5,2440,22594,2,565000
3,2.25,1190,1149,2,400000
3,2,1400,218252,1,330000
4,2.75,2730,4683,2,374950
3,2.75,2390,7939,1,405300
3,2.25,2060,31400,2,560000
4,2.25,2490,9864,1,824000
3,1.75,1100,10968,1,260000
4,2.5,2430,6099,1,760000
3,2.5,3170,12750,2,405000
4,2.5,2640,8625,2,429900
3,1.5,1130,7223,1,341500
5,2,1940,7642,1.5,465250
2,2,1100,3000,1.5,450000
3,1,1200,10800,1,390000
3,2.25,2000,8030,1,420000
3,2.5,1890,4838,2,269950
4,2,1910,2874,1,493000
4,2.5,2710,5880,2,370000
5,4.25,4860,9453,1.5,2250000
3,1,1250,23680,1,305000
3,1.75,1590,8219,1.5,400000
3,1.5,1240,1221,2,320000
4,1,2000,4800,2,715000
6,2.75,3610,10003,1.5,650000
5,1.75,1930,8040,1,218000
2,1,1280,5400,1,500000
4,2,2090,40419,1,460000
3,1.5,1940,9887,1,232500
3,2.5,1800,5761,2,408200
3,1.75,1730,8400,1,522000
4,2.5,2810,11120,2,675000
4,3.5,3550,11000,1,1355000
4,1,1330,7980,1.5,249950
2,1,750,34133,1,210000
4,1,1760,7216,1,429950
4,2.5,3200,36276,2,737500
4,2,1740,9000,1,710000
3,2.5,2100,4700,2,470000
4,3.5,4270,40097,1,1100000
3,2,1340,2720,1.5,650000
4,2.5,3190,8684,1,1216000
3,2.5,1630,4534,2,422120
5,2.5,2990,15085,2,625000
4,1,1550,7740,1.5,385200
3,2.25,1690,4964,2,500000
4,2.25,1960,12243,2,308000
3,2.75,2390,9966,1,565000
3,2.5,2600,4438,2,581000
3,2,1950,8698,1,361000
3,1,1250,7210,1,345000
2,2.25,1180,1253,2,419000
3,2.5,1680,4308,2,347000
4,2.25,2220,36085,2,625000
4,4.25,4890,15188,2,2400000
3,3.25,2660,17852,2.5,379000
3,1.5,1150,3323,2,310000
2,2,1130,5500,1,250000
5,2.75,2760,5000,2,682000
3,2,1430,8919,1,246500
3,1,1490,57381,1.5,325000
4,2.5,2030,4997,2,310950
3,2,3010,5000,2,1100000
3,1,1810,7200,1,287500
3,1,1810,7200,1,431000
3,1,970,5000,1,226000
3,1.75,2010,3090,1.5,825000
4,1,1300,6030,1.5,175000
3,1.5,1260,10350,1,465750
4,2.25,2610,24931,2,659000
3,1.75,1910,5753,1,595000
3,2.25,1780,16290,2,350000
4,2.25,1900,8600,1,270000
6,2.25,2450,25600,1,662500
3,1.75,1380,14000,1,249900
3,1.75,1920,11340,1,324500
2,1.75,1350,4003,1,430000
2,1.75,1350,4003,1,419950
4,1.75,2510,7440,1,285000
4,2.5,2470,7780,2,332000
4,1.75,1660,10725,1,282000
3,1,1340,5175,1,320000
3,1,1620,30736,1.5,428750
3,2.25,2300,35287,2,330000
4,3.5,2000,2309,3,456500
3,2.25,1640,11050,1,352000
4,2,1530,4080,1.5,664000
3,1.75,4000,11894,1,628000
3,1.75,1610,12555,1,512000
3,2,2070,9000,1,254000
4,2.5,1900,5790,2,535800
3,1,1050,16050,1,287653
3,2.5,1520,1304,2,438000
4,1.75,2390,23899,1,450000
5,2.75,2400,8050,2,327000
4,2.5,1790,6120,2,370500
3,2.5,1720,6271,2,265000
4,2.75,2980,13260,1,450000
3,1,1520,213444,1.5,425000
3,1.75,1150,8690,1,166600
1,0.75,380,15000,1,245000
3,1,910,5212,1,565000
3,1.75,1650,10150,1,539900
3,3.5,2480,3200,2,910000
4,2.5,2050,7416,2,280000
3,2.25,1420,8549,2,275000
3,2.5,3460,6590,2,467000
3,2.5,1500,4445,2,457500
2,1,1320,3090,1,381156
5,2.5,2180,8240,1,289999
3,1.75,1830,4160,1,642450
3,2.25,1620,8701,1,469950
3,2,2920,13650,1,795000
4,2.5,3300,10514,2,785000
3,2.25,3060,12095,2,860000
0,0,3064,4764,3.5,1095000
3,1,1530,8498,1,147500
3,2,1910,11576,1,390000
3,1,1020,8100,1,229000
3,1,1150,8100,1,185000
3,1.5,1260,9570,1,414900
4,2,1920,4822,1,200000
4,2.25,1800,9350,1,225000
3,1.75,2040,4000,2,720000
4,2.5,2200,4000,2,930000
5,2.5,3200,17204,1,1270000
5,3.25,2400,3118,2,700000
2,1.5,1140,1058,3,466000
3,1.5,1330,10640,1,374000
3,2.5,1940,10035,2,480000
3,2.5,3000,25341,2,740000
4,1,1820,5400,1.5,1010000
4,2.5,2910,5000,2,395000
2,1,1090,6771,1,340000
3,2,1230,1340,2,209000
5,2.5,1710,7700,1.5,431650
5,2.5,3160,11470,1,980000
3,2.5,2680,28243,2,660000
4,2.25,2190,9009,2,730000
3,1.75,1260,9600,1,291500
4,3.5,2970,14486,2,905000
4,2.5,2570,50308,1.5,800000
4,3.5,3810,13592,1,839900
1,1.5,1010,1157,2,200000
3,2,1480,6698,1,300000
3,1.75,1250,6041,1.5,530000
3,2.25,1654,8479,2,314950
3,1.75,1410,9315,1,255000
5,2.75,2160,5720,1,550000
3,1,1400,4800,1,435000
3,1.75,1420,8738,1,234000
4,2.25,2500,10062,1,615000
3,2,1410,8384,1,205000
4,1.75,2100,7135,1,384000
3,2.5,1750,7208,2,324000
3,1.75,2070,5500,1,645000
3,3.25,1570,1777,2,570000
3,2.5,1920,5322,2,324000
2,1,1000,10320,1,270000
5,1.5,2120,7700,1.5,290000
3,2,1440,9220,1,250000
3,1.75,1660,16275,2,342000
3,1.5,1340,8450,1,255000
3,2.25,2380,11824,1,800000
3,1.75,1560,4049,1.5,451000
4,2.5,2780,10480,1,990000
4,2.5,1860,6687,1,288400
3,1.5,2390,4600,2,420000
2,2.75,1370,1140,2,359000
4,3,2570,262018,1,390000
3,2.5,1320,2614,2,300000
5,2.5,2520,7863,1,545000
3,1,1250,18616,1,288349
3,2.25,1560,35026,1,299900
4,2,2330,5000,1.5,891000
3,2,3660,22410,1,1200000
4,2.5,2790,4650,2,378000
2,1,1060,7200,1,299995
3,2.5,2020,6564,1,253000
3,2.25,1580,47916,1,350000
4,3,2020,4300,1.5,565000
2,1,970,5665,1,315000
4,3,1490,6766,1.5,570000
5,3.5,4390,10140,2,971000
5,2.5,2750,5589,1.5,915000
4,1.5,2150,23568,1,419000
4,1.75,1810,7480,1,260000
3,3,2230,12968,2,1321500
3,1,2430,10720,1,369950
3,2.5,3680,13384,2,1029900
5,1,1410,6750,1.5,435000
3,1.75,1330,6743,1,601000
3,1,1490,10650,1,460500
3,2.5,2020,1159,3,720000
4,2.5,3130,13202,2,851000
4,3,2670,5000,2,550000
4,1,1980,4560,1.5,700000
3,1.75,2100,14850,1,323000
3,1,1350,8581,1,345500
4,1.5,2140,7920,1,378000
4,2,2208,5000,3,650000
3,2,1010,7380,1,385000
2,1,970,2970,1,425000
4,2,1520,6174,1.5,210000
4,2.5,2740,43101,2,630000
3,1.75,1570,7500,1,335000
3,1,1320,9000,1,196500
4,2.75,2550,7636,1,582800
3,1.75,1560,7207,1,440000
4,2.25,2360,8616,2,752500
3,1.75,1330,5000,2,532500
3,1,1070,9000,1,265000
3,1.25,1510,13737,1,397500
3,2.5,1710,3469,2,524250
4,2.75,2790,10819,2,765000
4,2.5,2620,5450,2,648000
5,2.5,2970,24759,1,469500
3,1.75,1050,7854,1,237500
3,1,1280,8712,1,216000
3,1,1030,8400,1,427200
3,2.25,1900,7800,1,280000
5,3,3070,9804,1,718000
2,2.75,1760,4139,2,420000
2,1,930,5400,1,379000
2,1,880,7683,1,326100
3,2.5,1360,1016,3,535000
4,2.75,2130,8560,1,283000
3,1,1480,7469,1.5,260000
4,1,1500,6388,1.5,399000
3,2.25,1670,5004,2,484950
4,1.75,2060,9828,1,640000
4,2.5,2160,8158,1,585000
4,2,2780,11583,1,645000
3,2,1490,7651,1,253000
2,1,740,6460,1,178500
4,2.5,1860,6325,2,291000
2,2.75,1590,20917,1.5,199950
2,1,850,2340,1,553500
2,1,1030,4188,1,189950
3,2,1850,9550,1,289000
4,2,1830,4590,2,700000
3,2,1560,8853,1,270000
4,1.75,1730,8320,1,258000
3,2.5,1930,7214,2,530000
3,2.25,1422,3677,2,245000
3,2,1380,5000,1.5,563000
3,2.5,2430,4203,2,515000
4,2.5,2610,7091,2,325000
3,2.25,2000,217800,2,540000
2,1,920,5000,1,280300
4,1.75,1750,5500,1.5,460000
3,1.75,2020,8970,1,475000
4,2.25,2460,44431,1,900000
4,3,1780,7260,1,538200
2,1,1080,3600,1,429000
3,1,1250,5411,1,164808
4,2.25,1870,7700,2,520000
3,1.75,1700,8432,1,475000
4,1.5,1480,47045,1,283000
4,2.5,1930,6228,2,321500
4,2.75,3130,21810,2,840000
3,2.25,1370,6000,2,287000
3,1.75,960,8106,1,375000
3,1.75,1260,7128,1,349500
3,1.5,1480,7749,1,446450
4,2.5,1930,9643,2,315000
2,1,870,5340,1.5,271310
4,1,1300,8400,1.5,315000
3,1.75,1490,6930,1,245000
2,1,1380,5484,1,543115
4,2,1190,8190,1.5,900000
4,4.25,4250,6552,2,2450000
2,2,1920,6045,1,554000
3,1.75,2080,12522,1,249900
3,2.5,3220,54160,2,768000
4,3,3680,5854,1,980000
5,2.5,2070,9600,1,395000
3,1.75,1480,2200,2,415000
4,2.5,2000,6921,2,380000
3,2.5,1560,5259,2,566000
2,1,1600,8961,1,218500
4,2.5,1940,10500,1,550000
3,1.75,1540,3000,1,512031
2,1,820,8860,1,197500
3,2.25,1780,8784,1,470000
3,1.75,1560,242629,1,590000
4,2.25,2210,8862,1,465000
2,1.75,2040,114562,1,499000
3,2.25,1920,11500,1,515000
3,1.75,1930,5000,1,716500
3,2,1700,4250,1,410000
4,3.25,3450,6500,2,850000
4,3.25,3440,35021,2,1050000
4,2.5,2380,13435,2,648000
4,2.25,2400,5350,1.5,620000
4,4.5,5670,84267,2,935000
3,1,1140,10320,1,379000
3,1.75,1670,5375,1,699000
4,2.25,1910,8005,1,528000
3,1.75,1560,9452,1,425000
2,1.75,1500,8645,1,249500
5,3.25,4475,6642,2,1035480
4,2.75,2840,11900,1,790000
3,1,1020,18050,1,399950
3,1.5,1410,9000,1,275000
3,1,1520,2500,1.5,550000
1,1,730,6890,1,140000
3,1,1190,6250,1,250000
3,2.25,1410,8909,2,318000
2,1,1240,57000,1,505000
5,2.5,2500,9248,1,470500
3,1,1050,9206,1.5,360000
4,2.75,2680,8500,1,1242500
3,2.5,2380,16080,1,986000
2,1,1060,4228,1,515000
3,1.75,2300,41900,1,320000
4,3,2010,7426,1,310000
2,1,1090,5000,1,356700
4,1.75,2320,5595,1,775000
3,1,1040,7541,1,325000
4,2.75,1810,8677,1.5,208000
2,1,1150,12775,1,825000
3,2.5,2360,11254,1,515000
3,1.5,1970,3400,1.5,490000
4,3,2690,28300,1,675000
4,2.5,2080,4080,1,360000
4,2.5,2080,4080,1,550000
3,1.5,1370,9000,1,225000
3,2.75,3410,9360,1.5,500000
4,2,1850,11700,1,385000
5,2.75,3010,12611,2,837700
3,2.25,1530,3056,2,448000
5,1.75,2690,21357,1,730000
4,1.5,2810,7140,1,575000
3,1.75,1810,7300,1,430000
3,2.5,1560,3987,2,435000
3,1,1010,9611,1,241000
2,1.75,1000,1760,1,453500
2,1.5,990,1380,3,285000
2,1,720,4222,1,151000
5,4.5,6070,14731,2,1570000
5,2,2270,2400,2,631000
2,2.5,1380,1073,2,285000
3,1,1260,8378,1,195000
4,2.5,2910,35679,2,817500
3,2,1810,12825,1,550000
4,2.5,3160,8281,2,1127000
2,2.75,1910,1369,3,609850
3,1,1230,4380,1,200000
4,2.5,2960,6219,2,367000
3,2.25,2200,8375,2,285167
2,1.5,1270,32175,1,275000
4,2.5,2540,12843,2,350900
4,3.25,3030,9273,2,660000
3,1.75,1520,8835,1,525000
4,2.5,1560,7800,2,262000
2,1,970,4560,1,690000
5,3.75,3570,14648,2,624000
3,1,1350,7740,1,353000
4,3.5,3710,10400,2,552500
4,1,1430,8355,1.5,224500
3,1,940,8571,1,239000
5,4.5,4300,12250,2,975000
4,1.75,3990,13470,2,1200000
3,1,1380,4000,1.5,505000
4,1.75,2020,7865,1,302000
3,1,1480,5670,1,170000
2,1,1190,27007,1,195000
5,1.5,2550,6300,1,272000
5,1.5,2550,6300,1,369000
3,1.5,1500,6332,1,332500
3,2.5,3000,8250,1,515000
3,1,1690,4250,1,269000
4,4,4390,17832,1,1278000
3,2.5,1560,4100,2,303000
7,3,2940,8624,1,420000
3,1,1130,4100,1,400000
3,1,1020,8437,1,225000
2,2,1310,2550,2,219000
3,2.5,2570,9487,2,605000
4,2,2020,6867,1,625000
5,2,1680,3240,1,380000
4,2,1770,7700,1.5,620000
4,2.75,3190,10970,2,687500
4,2,1440,7950,1,225500
3,2,1150,6000,1,252500
3,2.5,1860,3658,2,510000
4,2.5,2430,5203,2,510000
3,2.5,1940,4000,1.5,725000
1,0,670,43377,1,75000
2,1,880,2970,1,492000
4,2.5,1930,14196,1,425000
4,2.75,3120,7898,1,1955000
3,2.5,1830,6162,2,298900
4,2.5,3230,40319,2,699000
2,1,700,3000,1,310000
3,1.75,1010,8580,1,350000
4,1.75,2460,10061,1,790000
4,2.5,2230,5000,2,305000
3,2.5,1570,2865,2,315000
5,3.5,2390,6600,2,267500
4,3.25,3460,7749,2,1750000
6,3.5,2400,8620,2,435000
6,4.5,2940,7500,1.5,482500
5,5.25,8010,45517,2,5110800
3,1.75,1570,8400,1,439995
3,3,1520,7500,1,460000
3,1,1070,6440,1,194000
2,0.75,440,8313,1,290000
4,2,2440,9600,1,274700
4,2.5,2660,3672,2,900000
4,4,4460,103382,2,1150000
3,2.5,2010,3667,2,605000
3,2.5,1450,3850,2,359000
3,1.75,1400,9900,1,850000
3,2,1500,2500,2,505000
3,2.5,2500,7394,2,565000
2,1.75,1280,7110,1,585000
4,3.25,3380,7500,2,328000
4,2.75,2910,18700,1,749950
4,2.5,3060,7140,2,826000
3,1,1330,40259,1,535000
4,2.5,3300,101930,2,925000
3,3.5,3250,6000,2,875000
4,2.25,2530,9200,1,902000
3,1,1830,13900,1,423000
3,1,1170,11100,1,235000
2,2,2930,14057,1,545000
2,1,1230,7560,1,343000
3,2.5,1620,2930,2,334950
3,1.75,1760,5355,1,405000
4,1,1440,8250,1,220000
2,1,1740,8100,1,173000
3,1,1270,3600,1.5,655000
2,1,880,3000,1,406000
6,2.5,2560,8320,1,632000
5,2.75,1540,4000,1,357000
3,1.75,1150,17585,1,361000
2,1,770,8149,1,277000
4,3.75,4610,40202,1,630000
3,2.5,1850,4597,2,254000
3,2.25,1840,8400,1,472800
3,1.75,1490,3800,1,263000
3,1.75,1490,3800,1,510000
3,1,960,10125,1,179950
4,2.25,1580,7307,1,525000
3,2.5,1260,889,3,479000
3,2,1940,6440,1,651000
4,1.75,2490,7834,1,949000
5,2.5,2520,27951,1.5,392400
4,1.75,1760,5356,1,585000
4,2.5,4190,7504,2,460000
3,1,1170,4400,1,470000
3,2.5,1600,4271,2,245000
4,2,2760,27631,2,500000
3,2.5,2090,8653,2,455000
4,2.5,2320,3974,2,485500
5,3.25,4110,7920,2,1875000
2,1,770,17334,1,100000
3,1.75,1410,16105,1,307000
4,3.5,3660,14401,2,475000
4,2.5,2180,7210,1,330000
3,1,1110,7520,1,130000
3,2.5,2280,7417,2,320000
4,2.5,2820,6180,2,735000
4,2.5,1570,9600,1,365000
3,1.5,1200,11935,1,234000
4,2,1710,8288,1.5,211000
6,3.5,3000,6320,2,680000
4,3,2800,7845,2,457000
3,2.25,1640,7261,2,349000
3,2.75,2030,6840,1,360000
4,2.5,2530,10155,2,350000
3,1,990,7420,1,208000
2,1,790,11234,1,250275
2,1,790,11234,1,435000
3,1.75,1800,7763,1,270000
3,1.75,1650,12940,1,438000
4,2,1980,23625,2,659000
4,2.75,2340,6350,1,645000
4,2.5,2790,5423,2,685100
7,3,2800,9569,1,350000
2,1,1840,81892,1,375000
3,1.5,1350,81549,1,170000
4,2.5,3030,3841,3,880000
4,2.5,1980,5000,2,410500
4,2.5,3690,13609,2,780000
5,4.5,3732,4426,2.5,1225000
2,1.75,1510,6852,1,449000
3,1.75,2000,5000,1,546000
3,2,1760,11410,1,317000
3,1,1270,7566,1,276900
5,2,2620,7030,1,399000
5,2.75,2630,10165,1,495000
3,1.75,2270,9000,1,258000
2,2.5,2410,102366,1,600000
3,2.75,1120,881,3,265000
5,2.75,3030,7000,1,321000
5,2.25,2120,4000,1.5,682000
4,2.5,1720,5805,2,295700
4,2.5,2150,37981,2,609000
3,4.5,4380,47044,2,995000
3,2.25,2010,11817,2,530000
5,2.5,3150,5150,2,614000
3,2.5,2500,21780,1,390000
3,2.5,1690,6642,2,467000
6,2.5,3300,13501,1,484000
3,2.5,1240,1115,3,340000
3,2.5,2200,7201,2,302495
3,1.75,1620,3360,1,532500
3,2.5,2420,9592,2,441500
4,2.5,2680,8062,1,470000
4,3.25,4250,8570,2,2300000
3,2.5,2400,99752,1,590000
3,1.75,2300,12000,1,320000
2,2,920,1201,2,363000
4,2.25,2350,18600,2,747500
2,2.5,2630,7957,2,750000
4,3,2170,4000,2,831000
3,2.5,1700,4125,2,403000
3,2.5,2470,4565,2,445000
3,1,1250,17380,1,345000
3,3.5,3110,14872,1,2260000
3,2,1530,8925,1,371025
2,1,960,6250,1,355000
3,1,1240,14110,1,270000
4,2.75,2440,15349,2,425000
3,1.75,2320,7875,1,364808
3,2.25,1580,6561,1,320000
4,2.5,2963,5797,2,325000
3,2.25,2470,10290,2,350000
3,1.5,1370,10176,1,170000
2,1,960,28717,1,255000
3,1,1130,7500,1,550000
4,4.25,4930,25714,2,835000
3,1,1150,5120,1,420000
4,2.5,2190,7350,2.5,925000
2,1.5,1490,4080,1,389250
3,2.5,2600,10183,1,748000
3,1.75,1530,9600,1,284000
4,2,1680,5000,1,588000
3,1.75,1680,8648,1,372500
4,3,1900,7194,2,285000
3,1,1570,9467,1,360000
3,1,1370,17859,1,275000
2,2,1350,4225,1,428000
6,2.5,3010,17864,2,847000
3,1,1010,7838,1,316000
3,2.5,2050,7205,2,375000
3,1,1670,4080,1,533000
5,2.5,3840,16905,2,556000
4,2,2220,14120,1,225000
4,2.5,2590,9530,1,537250
3,1,1180,13650,1,255000
4,2.5,2950,4836,2,530000
6,6,7390,24829,2,5300000
3,2.75,2150,31238,2,595000
4,2,2100,8880,1,548000
3,1.75,1650,8073,1,234975
3,1.75,1620,1325,2.5,600000
4,1,1750,12528,1,432000
3,1.5,1380,6657,2,455000
3,1.75,1510,11234,1,279950
3,1.5,1600,9072,1,267500
4,2.5,1840,220308,2,620000
2,1,830,7590,1,110000
3,3.5,1810,1846,2,625000
2,1,910,7000,1,389000
4,2,2120,3360,2,1200000
4,2.25,2510,133729,2,788500
5,2.25,2100,6936,1,567000
2,2.25,2690,15000,1,515000
4,2.5,2430,11870,1,605000
4,3.75,2452,4800,2,430000
2,1.75,1550,6000,1,805000
3,2.5,2080,4556,2,567500
3,1.75,1290,3870,1,647500
2,1.75,1850,2530,2.5,495000
4,2.5,3370,5000,2,825000
4,2.25,2730,7506,2,435000
3,1.75,1300,7800,1,445950
5,2.75,3040,10257,2,960000
4,3,2440,3600,1.5,780000
3,2.25,1720,9000,1,274500
5,3,3230,5167,1.5,729953
3,1.5,1200,890,2,464950
4,1.75,2350,18800,1,620000
4,3.5,3100,5600,2,735000
4,2.25,2040,9565,1,450000
4,1,2000,4676,1.5,450000
4,2.5,2160,5298,2.5,842500
3,2,1970,79714,1,360000
3,2.5,2270,100545,2,585000
3,2.25,1850,7923,1,461000
2,1,1350,4494,1,345000
3,2.5,3280,10302,1,1075000
4,2.5,2270,8391,2,643000
4,2.5,2820,8307,2,690000
4,1,1200,11111,1.5,282000
3,1.75,2000,6130,1,549000
3,2,2310,6000,2,815000
5,4.25,4640,22703,2,2200000
3,2.25,2330,11424,2,700000
3,2.5,3940,10360,2,933399
3,1,1440,11250,1,290000
4,1.75,1960,9300,1,372000
2,1.75,1250,2890,1,450000
3,2.5,1981,5700,2,303700
4,2.5,2440,10049,2,672000
4,1.5,1150,9360,1.5,334000
2,1,1120,5650,1,260000
3,1.75,1800,5700,1,749950
4,2.25,2380,122038,2,330000
5,3,2920,2808,2,830000
3,2.25,2790,13791,1,1131000
3,1,1560,7552,1,320000
2,1,1550,15250,1.5,260000
3,2,1700,11475,1,225000
1,1,640,6350,1,279200
4,3.5,2680,10000,2,520000
3,2.5,1860,8060,2,505000
3,1.75,1490,8366,1,234000
4,2.5,2470,5044,2,503000
4,2.25,2390,8858,1,606000
3,1,1230,6000,1,433500
3,1.5,2840,10182,1,250000
3,2.5,2120,9307,2,719000
3,2,1770,14400,1,381000
3,2.5,2495,4400,2,267000
1,0.75,1170,14149,1,275000
4,2.5,2740,7140,2,651000
2,1,1050,5671,1,439000
2,1,1130,5070,1,325000
2,1,880,6380,1,490000
4,2.5,2403,6172,2,519900
4,2.75,3410,35040,2,545000
4,4,5320,20041,2,1062500
4,1.75,1900,8250,1,542000
4,1.75,1810,21650,2,465000
2,2,1200,3900,1,408000
4,2.5,2060,5950,2,292000
3,1.75,1250,10122,1,253000
2,1,910,4662,1,280000
3,2.25,2560,41346,2,658588
4,2.25,1920,8910,1,635000
4,2.25,2240,8300,2,439000
3,2.5,1260,3855,2,300000
3,1.5,1360,13496,1,345000
4,2.25,2100,8050,2,283500
2,1,2110,4920,1.5,425000
3,1.75,2210,8955,1,685000
3,2.5,2360,12987,2,750000
4,1.5,1280,8000,1,245000
6,3.75,2740,6924,1,585444
4,2.5,2740,7571,2,706000
4,2,2630,9099,1.5,445000
3,2,1650,6000,1,241000
2,2.5,1770,7155,2,1175000
3,1,1500,5750,1.5,530000
3,1.5,1430,12199,1,350000
4,3.75,3190,17186,2,1700000
3,1,1280,9630,1,389000
4,2.75,2390,6820,2,799000
4,2.5,4040,9630,1,1400000
2,1,920,8612,1,340895
4,2.5,2730,10281,2,780000
2,1.5,1320,73600,1,350000
3,2.5,2620,4874,2,470000
4,3,3180,80837,2,914600
4,2.5,2900,4762,2,354000
5,2,1900,6000,1.5,470000
3,2,1760,5400,1,715000
2,1,760,4000,1,265000
4,3,3710,20000,2,2537000
3,1,1530,4944,1,640000
4,1.75,1990,18900,2,290000
5,4.75,3830,35000,1,480000
3,2,2040,5600,1,535000
3,1.75,2170,12220,1,907000
3,1.75,1620,7330,1,459000
3,2.5,3600,21399,1,1355000
3,1.5,1470,11599,1,264950
3,1,1760,3000,1.5,352950
3,2.25,2230,13100,1,491500
4,3.5,3770,37034,2,1229000
3,1,1200,9194,1,369500
3,2.5,2090,6294,2,566000
3,2.25,1500,7308,1,290000
5,5,8000,23985,2,5350000
3,1,870,5330,1,180000
2,1,1010,6000,1,215000
2,1,1010,6000,1,302000
3,1.75,1860,7881,1,352500
4,2,1330,5926,1,235867
3,2.25,1760,11946,2,500000
3,2.25,1800,4500,2,382000
5,2.5,1690,2402,1.5,515000
1,1,660,2600,1,250000
3,2.25,2400,5300,1.5,672500
3,2.25,3020,13031,2,755000
3,1,1500,2555,2,707500
4,2,1560,3840,1,459000
3,1,1090,10620,1.5,140000
2,1,970,4284,1,495000
3,3.25,3190,5283,2,757000
3,3.25,3190,5283,2,765000
4,1.5,1890,6052,1,359000
3,1,1050,7500,1,440000
4,1.5,1390,7200,1,400000
3,2,1700,4080,1,652000
3,1.75,1050,5850,1,260000
5,3,3340,10796,1,1328000
4,2,1540,17859,1,519500
3,1,1710,5992,1.5,650000
4,2.25,2100,8075,2,280000
4,1.75,1730,7980,1,515000
3,2.25,1500,2692,2,400000
3,2.5,2380,5017,2,652100
6,3,2180,7956,2,235000
4,1.5,1840,10080,2,701000
4,2.5,2341,9594,2,640000
3,2.5,1690,4584,2,455800
3,2.5,2490,21937,2,504750
3,3,2440,15540,2,483000
3,0.75,920,20412,1,530000
2,1,1030,8786,1,250000
5,2.75,2000,5885,1,229950
4,3.5,4210,9414,2,884744
3,1.5,1610,9964,1,514000
3,2.25,1910,35015,1,532000
4,2.5,2660,5539,2,423000
2,1,820,4025,1,420000
3,1.75,1730,18250,1,521000
4,2.25,2360,7490,2,577000
3,1,970,8040,1,425000
4,2.5,2460,4862,2,495000
3,2.5,2690,8577,2,340000
3,3.5,1820,1991,2,499950
4,3,3470,4750,2,1218000
4,2.75,3370,7634,1,720000
3,1.5,1700,8247,1,249000
3,1,1340,11070,1,206135
5,2.75,2000,9276,2,300000
6,3,3840,14040,1.5,612000
5,2.5,3890,27311,2,1102030
4,2,1220,9100,1.5,230000
3,1,2280,4600,1,850000
4,2.5,2770,7000,1,355000
4,2.5,2520,7253,2,442000
4,3,3060,5000,2,399000
4,2.5,2390,7115,2,360000
3,1.75,1320,7725,1,390000
5,2.5,2900,8711,1,413000
2,1,700,9500,1,190000
3,2.5,2210,9226,2,432900
3,2.25,2180,7741,2,621138
3,2.25,2080,4252,1.5,270000
4,2.25,2090,35040,1,610000
3,2,1720,5525,1,500000
4,2.25,2460,40635,1,715000
3,1.5,1470,14821,1,264000
3,1.75,1650,3200,1.5,550000
3,2,1690,9087,1,337000
3,1,970,8710,1,170000
4,2.5,2030,9095,1,405000
4,2.5,2540,28563,1,775000
3,2.25,1570,7475,1,425000
5,2.75,2580,9242,2,713000
5,2.5,2090,8712,1,555000
4,2.5,3260,5608,2,810000
4,3.75,3830,41263,2,1250000
3,3.5,2130,6150,2,819000
3,2.5,1690,1200,2,409900
2,2.5,1780,2067,2,935000
4,1.75,1620,7560,1,657500
6,3.75,4210,6105,2,900000
5,3.25,2980,7095,2.5,932800
3,2,1490,9000,1,391000
4,2.5,2110,9825,2,420000
6,3.5,6563,32670,2,1300000
3,1.5,1510,16800,1,415000
3,1.75,1830,9425,1,350000
2,1,1230,1820,2,375000
3,1.75,2180,14135,1,860000
4,2.25,2220,8872,1,495000
4,2.25,1730,8400,1,250000
4,2.25,1990,21312,1,365000
3,2.75,1540,6760,1,503000
2,1,1100,7200,1,150000
4,1.75,1640,1480,1,450000
4,3,2590,7213,2,355000
3,2,1450,9333,2,245000
3,2,1180,7793,1,265900
4,2.5,1820,7575,1,299000
4,2.25,2360,11523,2,957500
3,1,1120,7250,1,343000
3,2.25,1646,7364,2,307500
5,3.75,4210,14599,2,937500
3,3,2480,45302,1,610000
3,1.5,1590,7080,1,720000
4,2,2130,2620,1.5,610000
3,1.75,1650,7965,1,434500
2,2.5,3090,47044,1,602500
4,2.5,2180,4000,2,607010
3,1,1800,5750,1,610000
4,2.5,3720,35000,2,828500
3,1,1100,8560,1,199990
3,1.75,1530,9362,1,294000
4,2.5,3010,6100,2,789500
3,3.5,3500,9473,2,797000
5,3,3100,5250,2,539950
4,1.5,2000,6778,1,284950
4,1.5,2290,10372,1,776500
4,2.5,2400,10070,1,525000
3,2.5,1850,4957,2,303000
3,3.25,3680,7650,2,722080
3,1,1060,7473,1,140000
3,1,1060,7473,1,235000
3,1,1610,5500,1.5,440000
3,1.75,2330,6000,1.5,605000
2,1,1210,4800,1,380000
4,1,1530,8890,1,352000
4,2.25,2270,12000,1,420000
4,2,2590,7220,2,1175000
3,1.5,1850,10572,1,1375000
3,1.5,1500,14750,1.5,300000
4,3.25,4740,49091,2,1150000
2,1.5,1710,4189,1,453500
3,2,1920,7598,1,443500
2,1,1150,8138,1,332000
3,2.5,2320,4721,2,655000
4,1,1420,6000,1.5,475000
3,1.75,1550,12956,1,372500
4,2.5,2920,7200,1,1050000
3,1.75,1620,4200,1,500000
6,2.75,2300,24773,1.5,900000
3,1,1070,7140,1,327500
3,1.75,1790,7123,1,390000
2,1.5,1510,1962,2,451101
4,1,1340,5800,1.5,455000
4,2.5,3350,46748,2,650000
3,2.5,2500,7746,2,895000
4,2.25,2350,10664,1,800000
4,2.25,2550,12918,2,703770
3,1.75,1320,10454,1,249950
2,2,1270,3881,1,512000
5,2.5,3480,74052,1,780000
3,2.25,2820,11625,2,336000
3,2,2110,6900,1.5,285000
3,1.75,1100,7224,1,229900
4,3,1920,4000,1.5,667500
4,2.5,1890,12236,1,378000
3,2.5,2530,43733,2,454000
4,2.5,2550,4630,2,537500
3,1,1550,4160,1.5,425000
3,2,1760,6600,1,290000
3,2,1270,3600,1,349500
3,2.75,1250,1655,2,370000
3,1.75,1620,8438,1,549500
2,1,710,6322,1,245000
3,1.75,1070,7200,1,208000
4,2.25,2320,8760,1,248000
4,3.25,5450,37058,1.5,610000
4,2.5,1670,5116,2,550000
3,2.75,3010,206910,2,750000
2,1.75,1340,7380,1,192000
2,1,790,4000,1,169317
4,3.5,3400,3850,2.5,1198000
2,1,1530,6350,1.5,880000
1,1,930,7129,1,210000
3,1.5,1540,9800,1,180500
4,2,1990,29078,2,540000
3,1.75,2300,35722,1,520000
3,1.5,1220,6000,1,177500
3,1.75,2380,5650,1,415000
4,2.5,2020,7200,1,495000
3,2.25,1890,9646,1,325000
2,1.75,1330,4903,1,440000
3,1.75,1490,9844,1,411000
5,3.5,3550,9600,2,810000
5,1.75,2040,8996,1,561750
4,2.5,2380,12573,1,835100
3,2.25,1780,9969,1,450000
3,2.5,1650,2807,2,238000
3,1,1510,142803,1,299000
2,1,1100,6240,1,570000
3,1.75,2190,12626,2,340000
2,1.75,1760,2275,1.5,450000
4,1.5,1800,8786,1,272750
4,2,2000,6380,2,520000
3,1,990,10723,1,284950
2,1.5,1480,9660,1,255000
2,1,1200,9488,1,231500
1,2,3000,204732,2.5,415000
4,2.5,3504,6000,2,330000
3,1.5,1300,12240,1,365000
4,2,1330,9188,1.5,425000
4,1.75,1850,6480,1,400000
4,2.5,2240,9701,2,335000
3,3,1260,1251,2,342000
8,5,2800,2580,2,490000
4,1.75,1820,14319,1,331500
3,2.5,1730,4102,3,960000
4,2.5,3350,35298,2,720500
3,2.5,3370,6550,2,830000
3,1.75,1240,3600,1.5,662990
4,2,2340,10507,1.5,220000
5,2,1880,4179,1,349950
3,2,1810,2159,1,550000
3,1.75,2340,5668,1,396000
4,1.5,2820,4000,2,635000
3,1,1020,7650,1,293000
3,2.25,2090,10120,1,339000
4,2.25,1830,8734,2,285000
6,2.75,2980,5000,1.5,775000
4,1.5,1600,9289,1,224000
4,3.5,4440,8125,2,2250000
3,1,1200,8514,1,165050
3,1.25,1230,4500,1.5,275000
5,3,2930,5500,1,445000
3,2.25,2370,38639,1,510000
4,2.5,3040,7000,2,1230000
3,1.5,1610,13500,1,390000
3,2.25,2350,10450,1,460000
3,1.75,2000,14733,1,700000
4,3.5,3530,14406,2,874150
3,2.25,2220,9800,2,470000
3,1.75,2000,9416,1,374000
2,1.75,1210,131115,1.5,510000
2,2.5,1140,1181,3,467000
4,2.5,2440,28405,2,576000
3,2,1560,7352,1,196440
4,2.5,3210,18901,2,825000
2,1,930,2600,1,281000
3,2.5,1782,1577,3,326000
3,1.75,1740,46580,1,340000
5,1.75,3690,36036,1,440000
4,2.5,2930,18199,2,749000
4,1,1230,8316,1.5,340000
3,2,2000,7000,2,561000
3,2.25,1520,7930,1,270000
2,1,1040,3600,1,600000
4,1.5,1120,5427,1,219900
3,1.75,3020,360241,2,617000
3,2.25,1820,8446,2,469000
3,1,1370,56628,1,229000
4,3,3130,2646,2.5,1265000
3,1.5,1640,8301,1,365000
4,2.5,2650,9301,2,429000
4,2.5,2850,6809,2,550000
3,2.5,1820,16300,1,453000
3,1.5,1180,7000,1,187500
6,2.5,1880,14350,1,520500
3,1.75,1280,12776,1,300000
4,3.25,3120,5000,2,799000
3,2.5,2470,4948,2,338000
3,1,1700,4400,1.5,800000
2,2,1180,3200,1,360000
6,2.5,2800,10490,1,442500
4,1,1300,1651359,1,700000
5,3,3040,9601,1,830000
3,2.5,1630,11592,2,360400
3,1,1340,9339,1,345000
3,1.75,1830,51836,1,300000
3,1,1240,10800,1,350000
4,2,2500,36900,1,368000
3,1.75,1760,7482,1,264000
3,2,2660,16677,1,435000
3,1.5,2060,15837,1.5,200000
5,2.5,2540,3832,2,620000
5,4.25,4830,11466,2,1679000
3,1.75,1400,6000,1,337000
4,3.25,4280,20296,2,1928000
4,2.5,2230,10414,1,544500
1,1,680,1638,1,252000
4,2.5,2340,3784,2,445000
3,2.25,2070,14196,2,379500
4,2,1910,4225,1,189950
3,1,950,4250,1.5,469000
5,2.75,2910,53898,1,600000
3,2.5,2930,33981,2,785000
4,2.75,2610,8967,2,372000
5,3,3880,7180,2,445000
4,2.25,3320,53392,2,508000
5,1.5,1940,4800,2,780000
4,2.25,2510,9800,2,541100
4,2.5,2660,5608,2,729000
3,2,1710,134489,1,397000
2,1,1320,4520,1,451555
2,1,960,8153,1,300000
3,2.5,1790,11542,1,416000
2,1,950,3060,1,490000
6,3.75,2940,5054,2,480000
2,2,930,1662,1,368000
3,2.5,4570,10615,2,1038000
3,2.5,2370,9000,1,545000
5,2.75,3430,15119,2,850000
4,3.5,3540,4750,2,550000
3,2.25,2240,9314,2,600000
4,2.5,2710,12138,1,535000
3,2.5,2660,4975,2,599950
5,2.75,2540,5022,1,531000
4,2.25,2210,7665,2,530000
4,4,3570,8250,2,597326
4,2.5,3450,33460,2,805000
4,1.75,2330,8364,1,390000
4,2,1690,3250,1.5,487250
3,1.5,1030,8414,1,301000
5,2.75,2560,5618,1.5,1175000
4,2.5,1950,3000,2,299000
4,2.25,4370,22863,2.5,2350000
4,2.5,2350,3904,2.5,400000
4,2.5,3160,7210,1,467500
4,2.5,2430,9103,2,305000
3,1,1340,306848,1,210000
3,1,1010,10168,1,300000
3,2.25,1770,8755,1,327500
3,2,1210,7136,1,269000
4,3.25,3330,17533,1,975000
3,1,1240,5400,1,355000
3,1,1250,4620,1.5,712000
4,2.5,2960,41656,2,883000
2,1,840,12252,1,190000
3,1.75,1530,8028,1,443000
4,3,3750,11025,2,920000
4,2.25,2150,8250,1,285000
4,3.25,1560,4080,1,901000
3,1.75,2040,5775,1,552500
2,1,860,5000,1,256000
3,1.5,1720,7119,1.5,341000
4,2.25,2090,8941,2,279000
4,2.25,2130,10650,2,686000
2,1,1300,11867,1.5,225000
2,1.75,1220,15600,1,215500
4,3,2420,4800,1.5,950000
4,2.5,2940,156988,2,503000
3,2.5,2610,7567,2,780000
4,2,1880,7500,1,212000
4,2.75,2330,6703,1.5,580000
4,2.5,2200,3141,2,465000
4,2,1720,7560,1,206000
3,2.5,2250,10171,2,615000
4,1,1640,6305,1.5,519000
4,3.25,4130,11444,2,1135000
5,2.5,2600,3839,2,330000
4,1.5,1920,7973,1,240000
3,2,2060,7000,1,574000
4,4.25,5710,24663,2,930000
4,3,2720,183823,2,850000
3,1.5,1490,7275,1,415000
3,2.5,2360,9005,1,480000
5,1,1940,8875,1,300000
4,2.25,2570,9503,2,439000
3,1,1160,36831,1,450000
3,2.5,2660,206480,1,589000
3,2.25,1260,3000,2,477000
4,2.25,1780,6120,1,587500
4,2.25,3180,6105,2,1315000
4,2.5,3380,27589,2,1430000
4,2.25,2690,15000,2,700000
2,1,1180,6552,1,275000
3,1,1660,11783,1,367500
4,2.5,2260,6300,2,453250
5,1.75,1910,5428,1,607000
4,2,2430,8960,1,255000
2,2,1300,2500,1,501000
3,1,1060,4650,1,450000
3,2.25,2200,8000,2,360000
4,1.75,1720,3050,1.5,460000
3,1.75,2360,8290,1,753000
2,1,820,4234,1,389950
2,1,1030,4400,1,469000
4,1.75,2030,5688,2,550000
5,3.5,2700,11675,1.5,565000
2,1.75,1100,7600,1,189650
4,3.25,3620,5131,2,1525000
3,1.75,1340,8000,1,260000
3,1.75,1790,12000,1,243000
4,2.5,3830,13800,1,1100000
3,1.5,1580,7200,1,249000
2,1,2020,7200,1,720000
4,2.5,3330,9557,2,905000
4,2.5,2610,3500,1.5,824500
4,2.75,2610,8760,1,762500
3,2.5,1740,1280,3,580000
3,2,1840,8580,1,380000
3,1.75,1080,3200,1,805000
4,1.75,1240,4532,1.5,520000
5,4.5,5620,5800,3,1569500
2,1,1170,8925,1,175000
4,2.25,1760,9602,2,353500
4,2.5,2230,26989,1,500000
3,1.75,1520,7350,1,386500
2,1,1450,4750,1,210000
3,2.5,1600,6510,1,439500
5,2.5,3220,5751,2,315000
4,2.5,1830,8601,2,339000
4,2.25,2200,9163,1,655000
2,2.5,2170,8678,1,740000
5,2.5,1900,7843,2,685000
5,2.5,2960,9877,1,550000
2,1.75,1710,4234,2,405000
4,2.25,2620,17366,1,765000
3,2,2140,3600,2,625000
4,2.5,2100,19680,1.5,207000
4,2.5,2100,19680,1.5,370000
3,2.5,1460,4961,1,475000
2,1,990,8250,1,365000
4,2.25,2190,6800,1,411800
5,3.5,3990,42436,2,668000
3,2.5,2340,3630,2,618000
4,2,2460,5921,1,247500
5,3,2080,6150,1,345000
3,2,1700,8400,2,616300
3,1.5,1330,6768,1,348000
3,2.5,1630,10762,1,425000
5,2.75,2920,11880,1,850000
5,2.75,2830,6137,2,820000
4,2.25,3190,52953,2,832000
3,1.75,1490,3840,2,835000
3,2.5,1630,3425,2,350000
4,2.5,2280,4096,2,349000
6,3.75,3010,4360,2,1125000
3,2.5,1590,3480,2,320000
3,1,1250,7210,1,150000
3,1,1710,10190,1,340000
4,4,3280,8448,2,785500
4,2.5,3362,8601,2,410500
3,2.5,2200,11000,2,580000
2,1.5,830,920,2,345000
3,2.25,2160,37000,1.5,550000
4,3,2580,7299,2,449500
3,1,2150,7007,1,300000
4,2.5,3510,28052,2,915000
4,3.75,3810,9916,2,1575000
4,2.75,2020,2750,1,599000
4,2.5,2120,10202,1,755000
3,1,1250,7157,1,400000
3,1,980,9115,1,133000
4,1.5,1250,8400,1,330000
4,1,1100,5000,1.5,330000
3,1.75,1330,9417,1,375000
4,2.75,2560,8956,1,485000
4,2.5,1850,11250,1.5,470000
4,3,2790,3600,2,1045000
4,1,1660,4704,1.5,548800
2,1,1080,2674,1,315000
3,2,3030,9374,1,590000
4,2.5,2380,12067,2,439950
3,1.75,2250,26337,1,325000
2,1,880,5111,1,400000
4,2.5,2770,10051,2,685000
3,2,1340,10200,1.5,339950
3,1.75,1660,8160,1,315000
3,2.5,1710,3795,2,411753
2,1.75,1620,4879,1,577000
3,1.75,1530,8829,1,500000
3,2,1440,10111,1,210000
4,1.75,2020,16120,1,640000
4,1.75,1870,8663,1,460000
2,1,620,4760,1,265000
5,5,5774,31675,1,740000
3,1,1240,6195,1,230000
3,1.75,1890,10661,1,315000
3,1.75,2410,51763,1,432000
3,2.5,1530,3984,2,467000
5,3.75,2800,9900,1,255000
3,1.75,1460,6360,1,316500
4,2,1580,6250,1,190000
3,2,1450,2400,1.5,490000
4,1.75,1990,23200,1,378000
6,4,4470,17877,3,598800
5,3,1980,3868,1,333800
4,2.5,2920,9904,2,690000
4,1.75,1660,6200,1,320000
4,3.5,3190,6000,1.5,1249000
3,1.5,1560,9600,1,335000
3,2.5,3050,33920,1,840000
4,2.75,3030,21780,2,608250
3,2.5,2260,4165,2,550000
3,1,1260,7920,1,240000
3,2.25,3370,11757,2,998000
3,1.75,1490,8000,1,275000
3,2.5,1570,9292,1,284200
4,3.75,4490,7623,2,1715000
4,3.75,4090,24825,2,2400000
5,2.5,4150,96574,2,930800
4,3,2900,10400,1,930000
4,1.5,1430,8775,1,215000
2,1.5,1008,26487,1,480000
2,1.75,1480,5120,1,483945
3,1.75,1240,8050,1,347000
3,2,1370,9760,1,232500
4,2.25,1770,33132,1,390000
3,2.25,2160,15360,1,550000
4,2.5,2340,8971,2,590000
1,1,960,40946,1,420850
4,2.5,2280,8190,1,345000
3,2,1970,7000,1,429800
4,1.75,1530,17664,1.5,302000
4,1.5,1790,3952,1.5,800000
3,2.5,1700,6000,2,250000
3,2,2660,4500,1,605000
3,1.75,1950,52256,1,412000
3,2,1340,5670,2,252000
3,1,1130,12500,1.5,375000
2,1.75,1950,2719,1,725000
5,3.5,3790,8200,1,471750
4,2.25,2020,85813,2,490000
2,1,800,5100,1,439000
4,2,1770,8890,1,355000
1,0.75,940,87120,1,250000
4,2.25,2260,16188,1,780000
2,1,890,3271,1,409000
2,1,860,3880,1,420000
1,0.75,680,9600,1,200000
2,1.5,2130,35679,1,830000
3,2.5,2390,4555,2,695000
4,2.75,3488,9614,2,815000
3,1.75,1260,6223,1,210000
3,1.75,2940,6000,1,635000
4,2.5,2440,7322,2,562500
4,2.5,2600,11951,2,402500
3,2,2080,7020,1,555000
3,1,1990,7173,1,310000
4,2.5,2840,18001,2,500000
6,3,2630,8800,1,430000
3,4.25,2820,7200,2,1600000
4,1,1560,4080,1.5,627500
4,2.5,2330,7050,2,335000
4,2.25,3320,20100,1,962000
3,1.75,1730,14270,1,299000
4,2.5,3110,5868,2,399950
3,1,1230,9660,1,322000
2,1.5,950,4625,1,430000
3,1.75,1890,13860,1,307000
3,1.5,1010,5000,1,194000
3,1,1010,8581,1,180000
4,2.25,2340,13383,1,465000
4,2.5,2460,9296,2,722500
2,1,1010,3400,1,470450
3,2.5,1650,6000,2,280000
4,2,1440,6702,1,176250
5,1,1710,9100,1.5,560000
3,2.5,2760,11287,2,830000
2,1,1350,10096,1,276900
3,1.75,1660,4800,2,625000
4,2.5,2960,4760,2,1015000
1,1,1090,8750,1,463500
3,2.5,3110,9015,2,485000
3,2,1380,7476,1,272000
2,1,1290,3140,2,305000
3,2.5,1980,13964,1,760000
2,1,870,6126,1,387500
4,2.5,2470,5015,2,352000
3,1.75,2140,40098,1,507000
3,1,770,9750,1,156000
3,3.25,1490,857,3,580000
4,2.5,2510,35020,1,630000
5,1.5,1950,9000,1,275000
5,4,3600,14720,1,835000
4,2.5,2380,7850,2,340000
2,1,720,6687,1,329350
3,3.5,4070,26000,2,1480000
3,1,1250,150117,1,475000
3,2.25,2190,2416,3,719950
1,1,810,2451,1,235000
3,1.5,2440,5750,1,875000
4,1.75,1740,9150,1,380000
3,2.25,1480,97138,1.5,325000
4,2.5,2120,57050,2,475000
1,1,900,4368,1,152900
2,2,1190,7570,1,210000
4,1,1010,6000,1,350000
3,2.5,2100,17882,2,505000
4,2.25,2020,8424,1,464900
3,2,2520,5980,1,650000
2,2.75,1370,1140,2,369950
3,2.5,1530,2890,2,250000
3,2.5,1530,2890,2,320000
4,4.25,5040,16048,1,2532000
4,2.25,2530,24700,2,340000
2,1.5,1010,1968,1.5,440000
3,1,1200,7727,1,219950
4,3,2720,11740,1,940000
4,1.5,1850,6125,1.5,399950
3,2.75,2340,8828,1,1568000
4,1.75,1860,9750,1,528000
4,1.75,1940,8990,1,545000
2,2,1680,6194,1,575000
4,2.75,1770,10184,1,235000
3,2.5,1790,6371,2,272000
4,1.75,1720,9600,1,380000
3,1,1280,6967,1.5,195000
3,2.5,1690,4988,2,297000
4,2.5,2190,7294,2,349000
2,1,710,5200,1,320000
4,1.5,1890,10707,1,319990
2,2,1410,12282,1.5,439900
3,3.25,2210,3600,2,429000
3,2,1540,6250,1,272500
4,2,1350,7255,1,400000
5,2,1380,4300,1.5,462000
2,1,890,6095,1,510000
3,2.5,1900,3255,2,550000
3,1,1240,5200,1,150000
3,2.5,1730,8490,1,460000
4,2.5,2090,10306,2,632500
3,1.75,1650,11220,1,361000
3,2.25,1130,1221,2,437000
6,2.75,3240,5750,1,370000
4,2.5,3840,12151,2,884250
3,1,1200,9936,1,225000
2,1,870,5000,1,235000
6,3.5,2410,6000,2,767500
3,1.75,1560,8078,1.5,1200000
3,2.5,2410,46609,2,715000
4,2.25,2300,7700,1,417000
3,1,1390,12145,1,199000
5,2.5,2920,5568,2,875000
4,1.5,1370,3708,1.5,545000
2,1,950,7692,1,192500
3,2.5,3090,7708,2,822500
4,2.5,2390,10000,1,800000
3,2.5,2070,4944,2,1250000
4,4.25,5770,21300,2,3850000
3,2.5,1460,7936,2,295000
2,1.75,1510,4980,1,419000
5,3.25,5180,19606,1,1195000
4,2.75,3430,13907,2,750000
4,1.5,1700,8400,1,502000
3,1.75,2640,8000,1,1025000
3,1,1200,15960,1.5,398500
2,1.5,1850,4945,1.5,700000
5,1.5,1510,9078,1,248000
4,2,2130,2800,1,800000
4,2.5,2640,8055,2,383000
4,3,3000,4000,1.5,688000
3,2,1870,5455,1,521000
2,1,990,9223,1,365000
3,2,2005,7000,1,491000
3,2.75,2030,7700,1,643000
3,2.5,1500,7350,1,279000
4,1,1530,3900,1.5,583500
3,2.5,1990,3600,2,310000
3,1.75,1420,7650,1,310000
3,1,1400,13975,1,280000
4,2.5,1870,5692,2,272000
4,3,3040,36246,1.5,870000
3,2,1790,7259,1,307000
2,1.5,1590,4500,1,490000
3,2,2050,9396,1,399950
5,3.5,4220,26784,1,1635000
5,4.5,4030,13474,2,989000
4,1.75,1770,9011,1,264950
4,2.75,2100,7236,1,491500
3,2.25,2120,15003,2,345000
4,1.75,2600,18042,1,339900
3,3,2400,4000,2,852000
5,3.5,3180,40946,1,585000
4,2,2790,8793,1,723000
3,2.25,2080,70567,2,594000
2,1.5,1370,4102,2,405000
4,2.5,2790,74495,2,725500
2,1,1740,5719,1,800000
3,3.75,6400,76665,1,1325000
3,2.5,1800,8518,2,180500
3,2.5,1800,8518,2,325000
3,1.75,1190,7280,1,235000
2,1,860,8308,1,330000
3,2,2460,6600,1,678500
4,2.5,1980,6660,2,463000
2,1,670,4640,1,250000
3,2,1410,4800,1.5,655000
4,2.25,1860,7000,1,239900
3,1,980,9135,1,185000
4,2.25,3040,5000,2,1735000
3,2.25,1810,11800,1,251700
4,2,1560,8250,1,400000
4,1.75,2100,7960,1,735000
5,2,2500,15250,2,1700000
2,1,520,22334,1,82500
4,4,3010,7221,2,765000
4,1.75,2140,8162,1,292500
3,2.25,2390,7000,1,270000
2,1,1510,6807,1,415000
4,1.75,2210,19025,1,950000
3,2.75,2170,8396,2,353000
3,2.5,1790,2375,3,670950
3,1.75,1390,8700,1,280950
3,1.75,1850,7735,1,585000
2,1.5,1480,43645,1,525000
3,1.75,1850,8823,1,605000
4,3.5,3350,3752,2,1010000
3,1,1040,8410,1,245990
4,2.25,2810,12607,2,535000
1,1.5,1010,5750,1,410000
3,2.5,2250,7752,2,550000
3,1.75,1800,8000,1,665000
3,1,2400,17239,1,455000
4,1,1780,4000,1.5,440000
3,2.25,2120,14915,1,332000
3,2.5,1860,6607,2,280000
3,3.5,1460,1021,2,570000
3,1,1230,10350,1,250000
2,1,1088,8453,1,238000
3,1,800,5760,1,265000
3,1,1190,10350,1,306000
5,2.75,1940,4182,1,345000
4,2.5,3300,10764,1,765000
4,2.5,2590,11018,2,346300
3,2,2080,11375,1,342500
4,2.25,2680,5439,2,501000
3,2.5,1670,8364,1,270000
3,1,1830,4400,1.5,638000
3,1.75,1400,2003,1,460000
4,1.75,2770,8521,1,760000
3,2.5,3630,11019,1,1085000
3,1,1040,8128,1,234000
3,2.75,2690,8890,2,1650000
5,2,2020,5000,1.5,488000
5,2.5,2450,20805,2,1550000
4,3,2030,12675,2,499000
3,1,1450,6776,1,150000
4,2.5,2400,7270,2,333000
4,2.75,2870,8625,1,700000
4,1,1340,22500,1.5,275000
3,2.5,1680,11312,1,330000
4,2,1850,8827,1,360000
3,1,1220,8040,1.5,467000
3,2.5,2320,57063,1,568000
5,2.25,3220,9603,2,605000
4,2.75,3190,9023,2,750000
3,2.75,3530,69834,2,760000
3,1.75,2050,10519,1,265000
3,1.75,1720,12540,1,490000
4,2.5,2850,4650,2,360000
4,2.25,2270,12000,1,311750
3,2.25,1880,12473,1,399000
4,2.5,2770,9751,2,347000
4,3.75,4490,34982,2,1680000
4,2.5,3110,6479,2,585000
4,2.5,2360,7475,2,340000
3,2.5,2180,5496,2,612000
2,1.75,1910,3376,2,230000
4,2.5,2260,7753,2,604000
3,1.75,1770,8868,1,250000
3,2,1460,7930,1,258500
4,2.75,2080,5000,1,783000
5,2.25,2960,7680,1,1050000
4,2.5,3220,4031,2,760000
3,1,1140,5000,1,276000
4,2,1660,12377,1,550000
4,1,1430,6240,1.5,398000
3,3,1820,4300,1.5,775000
4,3,3540,10202,2,1027500
4,1,1620,6000,1.5,327000
4,2.75,3100,14568,2,564500
4,1.75,1500,6820,1.5,782000
4,2.5,2820,5510,2,398000
3,1.75,1850,10920,1.5,257000
4,2,1570,9415,2,235000
4,2.75,2300,37533,1,453000
2,1,920,9000,1,535000
3,2.5,1600,7000,2,275000
3,2.5,2630,10047,2,665000
4,2.75,3020,13530,1,670000
3,1.75,1490,10757,1,465000
3,1.5,1160,5200,1,210000
4,2.5,2040,4443,2,265000
2,2.5,1550,2657,2,426000
4,2.25,1990,7610,1,529219
3,2.25,1900,46609,1.5,600000
5,3.5,3840,8279,2,875000
4,3,2400,7680,1,608000
3,1,1660,21514,1,220000
4,5,6055,21630,1,1760000
3,2,2030,17120,1,295450
2,1,840,5087,1,315000
4,2,1450,8175,1,205000
3,1.5,1460,9908,1,310000
5,1,2010,5210,1.5,1000000
4,2.5,2910,7631,2,525000
4,1.75,1880,8800,1,284000
3,1.75,2170,26460,1,510000
2,1,1260,4377,1,405000
3,2.5,1970,9153,2,509950
4,2.25,2090,45738,2,600000
4,3.75,3450,4940,2,990000
3,1.5,1130,7200,1,280005
3,1.75,2600,7668,1,700000
3,1,1030,7620,1,330000
2,1,1700,6718,1,340000
2,2.5,1480,2167,2,468000
4,2.5,4250,19387,2,1339000
3,1.75,1600,20873,1,515000
4,2,1870,8750,1,245000
3,2.5,1440,7741,1,265000
3,2.5,2720,11937,2,372400
3,1.5,1240,8410,1,390000
3,1,1020,6120,1,208000
2,0.5,1180,7750,1,273000
5,3.5,3080,7759,2,455000
4,2.5,1750,6397,2,270000
4,2.25,2530,8736,1,618000
3,2.5,1580,8541,2,213550
5,1.75,2340,9148,2,210000
5,4,6300,16065,2,2750000
4,2.75,2400,3844,1,403500
3,1.5,1300,7600,1,235000
3,2,1760,7147,1,287500
4,1.5,1520,5910,1,546800
3,1.75,1070,8100,1,183000
3,2,2560,216777,1,560000
3,1,1280,6726,1,299500
4,2.25,1660,7350,1,610000
3,1.5,1860,7963,1,288350
2,1,950,4500,1,500000
4,2.75,2140,4000,1,625000
2,1.5,1480,1349,2,418000
3,3,2260,1825,2,660000
4,2.5,2300,6158,2,775000
3,2.75,1650,7272,1,429500
3,2,1990,3000,1.5,569000
4,2,1960,7560,1,250000
3,1.5,1310,10491,1,225000
4,2.75,2450,15002,1,530000
3,1,910,8658,1,306000
3,1.75,1580,9719,1,517100
3,1.75,1780,9689,1,354950
3,1.5,1040,1824,1,348000
4,2.5,2340,41600,1,522250
3,2.5,1720,8755,1,275000
3,1.5,1600,10440,1,390000
3,1.5,1320,9750,1,260000
5,2.75,2350,4178,1.5,585000
5,2.75,2740,5616,1.5,605000
4,2.5,2300,6448,2,342000
5,3,4350,37169,2,900000
3,1.75,1430,7700,1,252000
3,1.75,2400,14012,1,357000
3,1,940,7910,1,370000
3,1,1020,13504,1,322500
2,2,1680,5756,2,210000
2,1,1340,9840,1,290000
4,3.25,3960,7012,2,860000
6,2,2650,4621,1.5,302000
4,2.25,2120,9680,2,369160
4,2.75,2850,3000,2.5,1185000
4,2,2850,14810,2,993000
6,2,1870,6969,1,380000
4,2,2660,8160,1,635000
3,1,1190,11120,1,260000
2,1,1770,5522,1.5,243000
4,2.5,2770,8879,2,1400000
4,2.5,2080,8100,1,665000
5,2.25,2700,9000,2,898000
4,2.75,2200,9453,1,583000
4,1.75,2160,7700,2,429000
3,2.5,2010,4059,2,471000
3,3.5,3780,8295,2,1810000
3,3.25,4460,51177,2,739500
3,1.5,1770,17208,1,450000
3,1,1430,5000,1,552500
4,1.75,1700,10642,1,437000
4,2,1830,5220,1.5,270000
3,1.5,1410,8800,1,226740
4,2.5,3060,7920,1,446500
3,2,1820,15068,2,283000
4,1.75,2430,13211,1.5,445000
2,1,740,6840,1,250000
3,1,770,6552,1,307000
4,2.75,2200,8580,1,315000
3,3,2920,23085,1.5,555000
4,2.5,2040,7000,1,264900
3,2,1600,4510,1,510000
4,2.5,1990,3980,2,328000
4,2.5,1830,7308,2,358000
3,2.5,2540,4260,2,325000
2,3.25,2700,3444,3,1365000
4,2,1440,10800,1,230000
3,2,1550,4000,1,545000
3,2.5,2490,4343,2,705380
5,2.5,2650,12987,1,459000
4,2.25,2000,3800,2,815000
6,5,3440,4500,2,495000
3,2.5,2280,58712,2.5,520000
2,1.5,1320,1194,3,430000
4,2.5,2070,7800,2,255000
3,2,1860,4777,2,588000
3,1,940,7811,1,350000
4,2.75,2290,21486,1,625000
2,2,1510,20685,1,172500
3,2,1830,3500,1.5,554000
4,2.5,3090,7112,2,775000
4,3.5,4340,217800,2,1187500
3,2.75,3200,12682,2,618000
4,1,1560,8450,1.5,305000
3,2,1280,13356,1,232000
4,2.5,2020,6236,2,262000
3,1,1040,8122,1,234000
4,2.75,2260,7209,1,500000
3,1,860,7632,1,278000
5,1,1920,19040,1,230000
4,1.75,2290,9215,1,500000
4,2.75,2070,9300,1,366500
6,3,4250,4400,2.5,665000
3,1.5,2220,4830,2,1101000
2,1.75,1840,4076,1,575000
4,2.5,2590,9753,2,674750
5,2,3110,6131,1,719000
3,1.75,2600,105587,1,482000
2,1,1060,8187,1,254000
3,1.75,1250,3880,1,443725
4,2.5,2520,35636,2,575000
3,2.25,2070,9957,1,469000
2,1,1300,44431,1,175000
5,2,2190,8316,1,437000
4,3,2760,13113,1,550000
3,2.25,1710,7134,1,172040
3,2,1750,7000,1,363000
3,2.25,1552,3600,2,282000
6,2,2350,6554,2,400000
5,3.5,5110,10018,2,650000
3,2.5,1720,99916,2,365000
4,2.5,1960,7230,2,269950
2,1,1270,19602,1,260000
3,1.5,1180,7000,1,193000
4,2.25,2230,6791,2,340000
4,3.25,4700,38412,2,900000
3,2.5,2150,8361,2,371000
3,2.5,2400,81892,2,592000
3,2.5,1830,12750,2,300000
4,3,2800,6977,2,449950
3,2.5,2090,7163,2,299500
4,2.25,2340,13406,1,995000
4,1.75,1670,9472,1,335000
4,2.25,1990,7350,1,280000
4,2.25,2270,7800,1,446000
4,2.75,4910,15139,1,1544500
3,1,950,4500,1,325000
3,1.75,1610,11200,1,450000
4,2.5,1940,7107,2,322500
3,1,1210,9473,1,453000
4,2.5,2570,4412,2,655000
3,2.25,1700,2800,2,603000
4,1,1610,24000,1.5,235000
4,3.5,4120,7304,2,968933
3,3.5,2880,11340,1,1015000
4,2.25,1990,8548,2,435000
3,2,1260,8092,1,242000
6,3.25,4750,248600,2,487000
4,2.75,3010,10450,2,810000
3,2.5,2410,64073,1,625000
3,1.5,1280,7742,1,165000
3,1,2320,6750,1,335000
3,1,1220,6600,1,286700
2,1.5,1400,4050,1,699000
3,1.75,1590,7280,1,280000
4,2.5,2220,7064,2,580000
2,2.5,2770,7781,2,754800
4,2.5,2303,16801,2,525000
3,1.75,1600,10530,1,562000
4,1.75,1280,6060,1,575000
5,2.5,2900,5901,2,808900
3,2.25,2950,15207,1,992000
3,2.5,1700,6698,2,335000
3,2.75,1050,7200,1,473000
4,2.75,2990,11210,1,350000
5,2.5,3100,5374,2.5,1600000
3,1,1240,6090,1,305500
2,1,780,13500,1,306000
2,2.25,850,1656,2,233000
3,1.75,1540,9000,1,490000
4,2.5,2280,42077,2,445000
3,2.25,2550,9674,1,355000
2,2,1770,7607,1,360000
3,1.75,2320,10900,2,737500
3,3.5,2600,11920,2,985000
2,3.25,1570,2031,2,349950
4,2.5,3060,7161,2,520000
4,2.5,1960,8540,1,355950
5,2.5,3270,6129,2,485000
3,1,1090,3315,1,143000
2,1.75,6840,10000,2.5,3278000
3,1,940,8512,1,355000
5,3.5,3880,13885,2,1126000
5,1.75,1770,15525,1,200000
4,2.5,3640,10576,2,913000
3,2.5,3160,12824,1,1600000
2,2.5,1590,1845,2,409900
4,1,1290,6034,1,265000
5,3,3655,51836,1,740000
4,2.5,2490,8124,2,306000
3,2.5,1470,3999,2,381000
3,3.25,3960,6132,2,1220000
3,3.5,3190,29982,1,1050000
2,1,810,7440,1,408000
5,2.5,2980,5377,2,739900
4,2.5,2780,35000,1,674250
2,1,1340,8100,1,438400
5,5,4930,14649,2,1700000
3,2,1360,5980,1.5,703000
3,1.75,1320,6530,1,262000
3,2,1210,14499,1,353000
4,2.5,1940,7607,2,500000
4,2.5,3160,4620,1.5,1280000
4,2.5,1980,6566,2,332000
4,2.5,2320,14240,1,824000
4,2,1660,4788,1,290000
3,2.5,1660,1545,2,700000
2,1,1080,3420,1,550000
2,1,1510,11165,1.5,549000
4,2.5,2950,43560,1,1865000
4,2.25,3070,13720,2,858000
2,1,970,10423,1,345000
4,1.75,2140,11651,2.5,340000
4,2.25,2570,9600,2.5,1215000
3,2.25,1260,1488,3,275000
3,1,1220,7771,1,405000
3,2,1720,8145,2,432500
4,1,2140,4217,1.5,236500
4,1.5,1420,4923,1.5,679000
4,2.5,2060,8451,2,543000
3,1,1320,9520,1,294000
3,1.75,1810,10463,1,340500
4,2.5,2980,16263,2,1012000
2,2,1350,2560,1,335000
3,2,1540,8011,1,425000
3,2.5,2510,9240,2,353000
3,2.5,1670,5146,2,540000
5,3.5,3690,11928,2,640000
3,1,1320,11457,1,339950
3,1.75,1510,8400,1,195000
3,1.75,1510,8400,1,322000
4,1.75,1870,10450,1,660000
6,3,2400,9373,2,280000
6,3,2400,9373,2,300000
3,1,1170,8816,1,207500
3,1.5,1190,8726,1,195000
3,2,2080,3880,1,700000
4,1.75,2150,8555,1,560000
3,1.75,1580,7344,1,260000
3,1.75,1580,7344,1,575000
3,2.5,2370,3239,2,475000
3,1.75,1840,8601,1,285000
4,2.5,2660,5500,2,753888
3,2.5,2190,3600,2,650000
3,2.25,1660,3478,1.5,620000
3,1.75,1780,37801,1,526000
2,1,700,5200,1,155000
4,2,1570,11200,1,342000
3,1.75,1220,216332,1,390000
3,2.75,3150,219978,2,685000
4,2.5,2690,4736,2,608000
2,1,680,6400,1,179900
6,3.25,3750,14150,2,1245000
3,1,1010,11675,1,166000
3,1.5,1710,4500,1.5,462000
4,2.5,2090,6023,2,545000
3,1,1560,4500,1.5,415000
3,2.5,1560,4200,2,269000
4,2.5,2570,11473,2,356500
3,1,1010,7633,1,225000
2,1,1020,5130,1,175000
5,2.5,1710,9720,2,549000
3,2.75,2300,12197,2,535000
4,2.25,1990,7712,1,627000
3,2,2730,15677,2.5,565000
4,2,2195,2681,1,392450
2,2,1560,4675,1,509000
3,2.5,1400,4800,1,340000
3,2.5,1400,4800,1,537000
4,3,3690,9892,2,865000
2,1,1140,8340,1,358000
4,2.25,1920,3225,1.5,595000
4,2.5,2496,8058,2,661000
3,2.25,2280,8500,1,419950
4,3.5,3200,6420,2,490000
2,1,880,4000,1,525000
3,2,1320,1298,3,350000
3,2.5,2450,3582,2,552500
3,1,1040,8970,1,210000
3,2.5,2480,53250,2,390000
5,1.75,1830,16650,1.5,336800
3,2.5,1440,4473,2,465000
4,2.5,1580,3632,2,299900
3,3.25,3230,5000,2,715000
4,2.5,1810,39639,1,235000
3,2.5,2495,4400,2,276000
4,1.5,1740,12728,1,265000
3,1.75,1680,3000,1,425000
4,2.5,2460,10320,2,313000
3,2.5,3050,6000,1,715000
3,2.25,1630,10969,2,265000
3,2.75,2460,6413,2,646000
3,1,1030,6600,1,175000
3,2.5,3410,13809,1,649000
3,2.75,2310,5200,1,785000
4,2.75,2610,4400,1,890000
3,3,2330,10327,1,612000
4,2.5,2980,5674,2,330000
3,2.25,1790,11393,1,493000
4,2.25,2940,5735,1,1600000
4,3,3900,9750,1,1619999
4,3,3900,9750,1,1650000
3,2.5,1750,2150,2.5,499000
6,2.75,2660,8400,1,603500
2,1.5,1580,3680,1,530000
5,2.5,2350,14197,1,895000
4,2.25,2510,8165,1,267345
3,2.5,1480,15639,2,275000
3,1.75,1720,223377,1,439950
3,2.25,1470,4653,2,455000
3,1.75,1540,6930,1,630000
3,2.5,2820,5001,2,690000
4,1.75,1250,12705,1,212000
4,2.25,2080,7526,1,231500
4,3.25,5180,49936,2,1237500
3,2.5,2860,43821,2,378500
4,2.5,2710,35868,2,482000
2,1,1140,3990,1,695000
4,2.5,4070,57587,2,965000
3,1.75,1710,5913,1,675000
3,1.5,1340,6500,1,387000
4,2.75,2290,7000,2,347500
3,2,1860,7400,1,385000
3,1,1080,4930,1,265000
3,1,960,5264,1,406000
2,1.5,980,5000,2,134000
3,1,1500,3399,2,415000
3,1.75,1440,8775,1,375000
4,2.5,2580,7465,2,620000
5,2.5,2070,4698,2,337500
3,2.5,1880,12368,1,565000
3,1.75,2420,12676,2,399500
2,1.75,1890,9466,2,1065000
3,2,1920,33630,1,352500
3,2,1870,5909,1,259000
2,1,900,7620,1,320000
3,2.5,2160,9888,2,733000
2,1,900,2910,1,381500
2,1,1180,9261,1,343000
2,1,900,6400,1,205500
3,2,1600,16530,1,525000
3,1.75,1500,8352,1,300000
2,1,1070,189486,1,299000
4,2.5,2570,5250,2,561000
3,1,1210,4000,1.5,450000
4,2.5,1850,7850,2,540000
3,2.5,1740,30886,2,379000
3,1,1300,14000,1,230000
3,2.5,2000,30605,2,399950
5,2.5,3220,5806,2,355000
4,2.25,2160,9593,1,580000
3,2,2130,4299,1.5,700000
3,1.75,1580,8151,1,279900
3,1,1200,7500,1,210000
3,3,3790,5001,2,1165000
2,1,860,3874,1,290300
5,4.5,5130,43123,2,1599950
3,1,1600,6380,1.5,490000
4,2.5,2110,13850,2,606000
3,1,1400,4980,1,359950
3,2,2110,9199,1,677100
3,2,1430,7125,1,465000
5,5.5,6640,40014,2,4500000
3,2,3040,41072,1,500000
2,1,980,5000,1,455000
6,2,2570,4240,1.5,705000
3,2.5,2060,7020,1,420000
3,1,1300,8284,1,169575
3,1,1300,8284,1,250000
3,2.25,1680,7262,1,530000
5,3.25,4020,40341,1,590000
3,1.75,1530,14087,1,257500
3,1,1170,6700,1,415000
3,1.75,1580,3764,1.5,536000
3,1.5,1270,11600,1,246500
3,1.75,1480,7700,1,395000
3,2.25,2220,10530,1,739000
4,2.75,3200,13729,2,1272000
3,1,910,10575,1,190000
3,1.5,1480,9086,1,305000
4,4.25,3770,13058,2,925000
4,3,3500,13444,2,895000
3,1.75,1480,7475,1.5,656000
4,1,1660,4690,1.5,560000
5,2.25,2520,11700,2,610000
4,2.5,2850,37522,2,645000
3,2.5,2153,4400,2,259000
4,2.5,3780,10962,2,980000
4,4,3770,9750,1,872000
6,2.75,3600,9675,1,1000000
3,2.75,2980,12600,1.5,900000
4,1.5,2320,5534,1.5,475000
5,2.75,2980,13482,1,350000
4,1.75,2930,11562,1,840000
4,2.5,2040,8400,1,500000
3,1.5,1510,9898,1,202500
4,2.5,2660,65340,2,523000
3,2.5,1740,10050,2,225000
3,2.25,2240,9542,1,418200
4,1.75,1570,9670,1,356500
4,3,2500,5000,1.5,670000
3,2.25,1750,12408,1,456150
4,2.5,3030,9687,2,471000
3,2.5,1680,934,3,558000
6,4.5,5740,10312,2,1380000
3,1,1220,6000,1,161500
3,1,1310,8370,1.5,311000
6,1.75,2490,8732,1.5,470000
3,3.25,2220,8227,1.5,569000
4,2.5,2240,7350,2,689000
3,1.75,1890,11875,1,271900
4,2.5,1850,6037,2,278000
2,2.5,2210,4440,2,820000
3,1.75,1410,7700,1,399500
3,2.75,1890,2614,2,462000
3,1,1830,12036,1,347500
2,0.75,1440,3700,1,562100
2,1,950,7560,1,230000
4,2.5,2370,10083,2,687000
4,2.5,3070,5762,2,725786
3,1,1300,12600,1,315500
4,2,1300,7054,1,312000
3,3.25,1210,1173,2,343000
1,1,710,6000,1.5,385195
4,2.25,2240,12650,1,415000
3,1.75,3600,8666,2,461000
4,2.5,1960,7133,2,369990
4,2.5,1820,3134,2,349950
3,2.25,1960,17126,1,285750
4,2.25,1750,10160,1,542500
5,3.5,3700,5400,2,830000
4,2.5,2910,20946,2,705000
2,1,1270,5000,1,615000
2,1,720,5880,1,184500
2,1,1040,5120,1,412000
3,1.5,2210,11111,1.5,250000
5,2,2060,6000,2,580000
2,1,780,6000,1,220000
4,2.75,2240,8937,1,675000
2,1,800,3330,1,373500
2,1.5,2440,6900,2,662700
5,1,1460,6032,2,239950
3,1,1150,10196,1,383000
3,2.75,2650,12350,1,485000
4,2.75,2600,36583,1,610000
6,1.75,1820,6250,1,545000
2,2.5,2560,2500,2,780000
3,2.5,1714,3240,2,305000
3,1,1330,15678,1,405000
5,3.5,7350,12231,2,1110000
3,1.75,2050,9045,2,273000
3,1,1810,12375,2,326500
3,1.75,1380,9134,1,365000
3,2.75,3070,10739,2,1000750
2,1,800,4046,1,422500
4,2.75,2140,9920,2,354450
3,1,1330,9540,1,320000
3,1,1030,9120,1,223000
3,2.5,1740,4948,2,410000
3,1,1200,4000,1.5,438000
3,3,1490,2944,2,390000
4,2.5,1890,5954,2,298500
5,2.25,3060,13630,2,749999
6,2.5,3250,12000,1,779000
3,2.75,2730,11936,2,570000
3,1,810,4600,1,385000
4,2,2240,11040,1,649000
3,1,1740,5247,1,283000
4,2.25,2380,16236,1,699900
4,1,1540,8400,1,278500
4,1.75,2340,9100,1,700000
4,2.75,2710,45963,2,535000
3,1.75,1310,18400,1,234500
3,1.75,1390,9585,1,374150
4,2.5,2201,9542,2,397000
3,2.25,1960,10385,1,613000
3,2.5,2850,10474,1,1150000
4,1.75,1880,4080,1,595000
5,2.75,2440,6858,2,340000
4,2.5,2560,5800,2,388000
3,1.75,1410,15210,1,404000
3,2,2870,6360,1.5,810000
4,2.5,2620,9359,2,405000
5,3,2970,10335,2,726000
3,2.5,1780,7214,1,266000
5,2.25,3700,7207,1,722500
4,2.5,1252,25002,1,352000
4,1.5,1240,8158,1,265000
3,2.5,2160,3920,2,856000
3,2.5,2040,4348,2,346950
5,3.5,3130,4797,2,866059
3,2.5,2350,4456,2,410000
3,1.75,1570,16817,2,370000
3,1,1530,389126,1.5,230000
2,2,1520,5010,1,400000
3,1,1350,9680,1,172000
3,1.75,1950,8480,1,615000
4,3.5,3950,9600,2,860000
3,1.75,2040,6000,1,555000
3,2.5,1990,4040,1.5,579000
3,1.75,1300,7030,1,385000
4,2.25,2030,12000,2,420000
3,1.75,2340,6750,1.5,645000
3,2.5,2160,6288,2,549950
3,2.75,2770,10000,1,678000
4,2,2030,8120,2,199000
3,1,1440,13824,1,604000
5,1.75,1730,10368,1,268000
5,3.5,4510,16305,2,960000
3,2.5,2100,7600,1,509250
3,2.5,1800,5372,2,416000
3,1,1090,8520,1,190000
3,1.5,1010,10000,1,212000
3,2.5,2040,9765,2,325900
3,3.5,2270,4088,2,560000
3,2.5,1730,5799,2,275000
4,2.5,2480,15411,2,665000
4,3.5,3480,7232,2,1505000
4,2,1720,2410,1,375000
3,1.75,1570,6975,1,359950
4,2.75,3527,7200,2,340000
2,1,840,8100,1,401000
2,1.75,1950,10766,1,669000
4,2.5,1980,6568,2,638500
2,1.5,1620,3760,2,545000
4,1,1980,7015,1,524000
5,3.75,3530,13260,2,1610000
2,1,1260,4800,1,280000
4,2.5,2120,10841,1,828000
3,1.75,1360,10573,1,223000
4,3.5,3100,2261,2,1289000
2,2,2370,155130,1,750000
2,1,1460,9207,1,430000
4,1.75,1980,10800,1,711000
4,2.5,1930,7014,2,310000
5,1.75,3700,9140,1,415000
4,2.5,1970,6600,2,274900
3,3,2470,36445,2,525000
3,1,1180,32214,1,179500
3,1,1280,2580,1.5,478000
3,1.75,1380,7350,1,195000
4,3,2740,10925,1,385000
3,2.75,2020,9505,1,401000
4,2.5,2835,6598,2,522000
4,1.75,1520,14417,1,330000
3,2.5,2190,4882,2,503000
5,1.75,1680,8400,1,175000
4,3.5,3915,6364,2,963990
5,2,1720,9972,1,845000
2,1,670,4500,1,157500
2,3,1790,1709,2,450000
4,1.75,2440,11793,1,925000
2,1,920,5029,1,600000
4,1,1680,4087,1.5,709000
5,3.75,3290,6480,2,1385000
3,2.5,2120,6840,1,248000
3,1,910,6630,1,245000
2,1,1000,4776,1,332000
3,2.5,2340,4273,2,459950
3,2,1180,1800,2,425000
3,2.25,2080,50965,1,460000
6,2.5,3760,12978,1,838300
3,2.5,1480,7200,2,256000
3,2.75,3060,13554,2,864000
4,3.5,3070,4440,2,900000
3,1,1170,7560,1,145600
5,3,2900,6730,1,865000
3,2.25,2210,8000,2,250250
4,2,1440,7641,1,162000
4,1.75,1980,7350,1,450000
4,2.75,2060,21344,1,675500
3,2.25,2420,5304,1.5,697000
3,3.25,3440,4080,2,1324050
3,1.75,1600,16510,1,490000
3,2.25,2210,5742,1,590000
4,1.75,2250,16000,1,280000
2,1,1680,6500,1,515000
3,1,1140,5395,1,576000
3,1.75,1430,10574,2,375000
3,1,1440,7107,1,478000
3,1,1670,5200,1,282000
4,4.5,3080,10550,2,1400000
5,3.25,4300,50405,2,593500
4,3.5,3010,174240,2,724950
3,1.75,1560,7500,1,306000
4,1.75,1920,7665,1,341000
3,2.5,1400,4400,1,399950
5,2,2280,3600,2,534000
6,2.5,3880,5700,2,635000
2,1,1350,3880,1,350000
3,1.5,1480,2700,1.5,856000
4,3,1670,1189,3,582000
4,2.5,3400,6742,2,799000
3,2.5,2070,3986,2,423700
4,3.5,4870,39190,2,1835000
3,2,1760,43575,1,322000
4,3.25,4030,57499,2,929000
2,1,1130,5413,1,443000
3,1.75,1510,7700,1,441500
4,3.5,3110,108464,2,875000
3,3.25,5020,12431,2,3600000
2,1,740,5100,1,450000
3,2.25,1630,10500,1,425000
4,1.75,2780,9900,2,660000
3,1.75,1990,5560,1,763101
4,2.75,2250,14149,2,499000
3,1.75,1720,37363,1,521000
2,1,900,423838,1,302000
4,2.25,2360,6260,2,293000
3,2.25,1530,4580,2,335000
2,1,1450,3090,2,499000
3,1.75,2040,5000,1.5,600000
4,1.75,2620,11041,1.5,720000
2,2,1180,2553,2,195000
3,1,1110,8423,1,249000
3,2.25,1840,9781,2,334000
4,1.75,2720,7810,1,599950
2,1.75,1090,1950,1,149900
4,1.75,1730,6500,1,700000
4,1.5,1170,6240,1,525000
4,3.75,4740,126759,2,1049000
3,2.5,1960,8000,1,402000
3,2,1430,3480,1,450000
3,2.25,2510,43995,2,520000
3,1.75,1420,6980,1,205000
3,2.25,2680,175982,1,635000
3,1,1220,9600,1,210500
2,1,1070,6100,1,406650
3,1.75,1580,19998,1,350000
4,1.75,1820,6000,1,425000
3,3.5,3590,6402,2,798000
3,1,1960,9583,2,180000
5,3.25,3160,13238,2,1250000
4,2,2030,4033,2,435000
3,1.5,1240,15867,1,355000
5,3.25,5370,14091,2,3000000
5,2.5,2670,14455,2,685000
3,1,1640,12060,1,311000
4,2.25,2130,9600,1,305000
3,2.5,2550,4954,1.5,675000
4,2.75,3630,15405,1,769000
3,1.5,1690,9708,1.5,430000
6,2,2390,8660,1.5,516250
3,3.5,2350,10739,1,760000
3,3.5,1420,1217,2,579950
3,2.25,1570,7187,1,476000
3,1.75,1600,19200,1,510000
2,1,720,5040,1,205000
3,1,1470,7350,1,240000
5,3.5,2790,16952,2,738000
3,1.75,1720,8102,1,420000
3,1.75,1300,9600,1,455000
4,1,2520,5500,1.5,765000
4,1.5,1780,7914,1.5,372000
3,1,1200,8360,1,160000
4,2.5,2990,9643,2,772000
5,1.75,1910,5640,2,1125000
3,1,1370,3000,1.5,479000
3,2.5,1910,4941,2,570000
4,1,1170,8147,1.5,350000
3,2.5,1250,864,3,353000
5,2.5,3340,24755,2,699000
3,2,1380,8536,2,265000
1,1,780,10235,1.5,167000
4,2.25,2080,8000,1,500000
3,1,1410,7200,2,700000
1,1,520,5600,1,295000
4,3.5,3500,4080,2,1010000
2,1,840,5265,1,209000
3,1.75,2240,9200,1,276000
4,2.5,2100,5857,2,380000
3,1.5,1750,12500,1,315000
4,2.5,3130,60467,2,685530
3,2,1470,20000,1,254600
3,2,1440,5600,1,230000
3,3,1430,1249,3,335000
4,2.5,2170,9600,1,550000
3,1,1150,8050,1.5,123300
4,2.75,2170,9658,1.5,275436
4,3.5,2630,3435,1.5,325000
4,2.5,2490,40608,2,635000
3,1.75,1710,5000,1,513000
4,2.5,2130,35752,1,580000
3,1,940,9272,1,225000
3,1,1400,9460,1,265000
4,1.75,1630,3000,1,313000
2,1,1370,8400,1,296000
4,2.75,2380,15800,1,655500
5,1.75,2140,12058,1,250750
4,2.5,1970,8545,2,438000
3,2.75,2550,54014,2,590000
3,1,1080,5250,1,329500
3,2.25,3070,9645,2,1195000
2,1,1470,6000,1,415000
4,2.5,3620,42580,2,900000
3,1.5,1050,57499,1,378000
2,1,1050,403365,1,474000
3,1,1320,3625,2,464000
3,1,1210,7649,1,310000
3,1.5,1860,7190,2,580000
3,2.75,2830,505166,1,999000
2,1,810,6480,1,510000
3,1.5,1630,7475,1,650000
3,1,880,19600,1,196000
4,1.75,1660,11664,1,220000
3,2.25,3440,10628,2,855000
3,1.75,2110,10454,1,483000
3,1,1060,12000,1,400000
3,2.5,1900,7984,2,435000
1,1,820,1060,1,219500
4,3.5,4860,23885,2,2950000
3,2.5,2050,3218,3,427000
2,1.5,1090,4013,1.5,430000
2,1.5,1090,4013,1.5,685000
2,1.5,1920,6250,1,495000
3,2.5,1870,7942,2,299950
4,1.75,2690,46609,1.5,390000
3,1.75,2160,5863,1.5,385000
4,2.5,3000,10392,2,740000
4,3,2290,2350,2,991700
3,2.75,2250,9600,2.5,765000
4,2.25,2130,8734,2,802000
4,2.75,2500,20000,1,950000
4,2.5,2300,41167,2,392000
3,2.5,3360,218235,1,590000
4,2.5,1920,9000,2,425000
5,1.75,2440,15143,1.5,765000
3,2.25,1440,3488,2,313500
3,1,1780,6840,2,320000
4,1.75,1490,4485,1,604000
3,2,1400,1657,2,570000
4,2.5,2150,12028,2,639000
4,2,1910,10200,1,335000
4,1.75,2660,3520,2,896000
3,1.75,1650,12349,1,259500
